Sp,Ss,Xv,X,Xs,OD
6.587790596273071,0.0,0.565,0.565,0.0,0.0076
6.579251701883623,0.0,0.5682639159240955,0.5682639159240955,0.0,0.00759726729159403
6.570666645421764,3.335630082464183e-16,0.5715454395979229,0.5715455156394288,7.60415058944939e-08,0.0075945227036635235
6.562035223705253,0.0,0.5748446475084579,0.5748448775809823,2.3007252443497825e-07,0.007591766182833882
6.5533572334002335,0.0,0.5781616161690931,0.5781620802541739,4.640850808369362e-07,0.007588997675705977
6.54463247103597,0.0,0.5814964221131713,0.5814972022294154,7.801162440821534e-07,0.007586217128860312
6.535860733019916,0.0,0.5848491418873728,0.5848503221365504,1.1802491775717927e-06,0.007583424488861269
6.5270418156531,0.0,0.5882198520449567,0.5882215186591725,1.666614215792517e-06,0.007580619702261449
6.5181755151458445,0.0,0.5916086291388517,0.5916108705288193,2.241389967675967e-06,0.007577802715606101
6.509261627633818,0.0,0.5950155497145945,0.5950184565190418,2.9068044473503815e-06,0.007574973475437647
6.500299949194435,0.0,0.5984406903031132,0.5984443554393462,3.665136233002161e-06,0.007572131928300297
6.49129027586359,0.0,0.6018841274133524,0.6018886461290069,4.518715654584615e-06,0.007569278020744763
6.482232403652756,0.0,0.6053459375247371,0.6053514074507482,5.469926011131313e-06,0.007566411699333071
6.4731261285664345,0.0,0.6088261970794734,0.6088327182842919,6.5212048184518885e-06,0.00756353291064347
6.463971246619969,0.0,0.6123249824746819,0.61233265751977,7.675045088009447e-06,0.007560641601275443
6.454767553857728,0.0,0.6158423700543619,0.6158513040509997,8.933996637800432e-06,0.007557737717854822
6.445514846371666,0.0,0.6193784361011823,0.6193887367686184,1.0300667436080106e-05,0.007554821207038997
6.436212920320263,0.0,0.6229332568280965,0.6229450345530754,1.1777724978799806e-05,0.007551892015522248
6.42686157194785,0.0,0.6265069083697795,0.6265202762674812,1.3367897701645684e-05,0.0075489500900411685
6.417460597604331,0.0,0.6300994667738808,0.6301145407503085,1.507397642759286e-05,0.007545995377380205
6.4080097937653,0.0,0.6337110079920939,0.6337279068079448,1.689881585091382e-05,0.007543027824377304
6.398508957052573,0.0,0.6373416078710354,0.637360453207094,1.8845336058605484e-05,0.007540047377929677
6.388957884255115,0.0,0.6409913421429331,0.6410122586670233,2.0916524090225473e-05,0.007537053984999671
6.379356372350404,0.0,0.6446602864161175,0.6446834018516546,2.3115435537155306e-05,0.007534047592620762
6.36970421852621,0.0,0.6483485161653156,0.6483739613614979,2.5445196182335738e-05,0.007531028147903659
6.360001220202806,0.0,0.6520561067217409,0.6520840157254224,2.7909003681548037e-05,0.007527995598042539
6.3502471750556175,0.0,0.6557831332629777,0.655813643392265,3.051012928734414e-05,0.007524949890321387
6.340441881038322,0.0,0.6595296708026559,0.6595629227222727,3.325191961675872e-05,0.007521890972120476
6.330585136406391,0.0,0.6632957941799122,0.6633319319783763,3.613779846396686e-05,0.0075188187909229565
6.320676739741101,0.0,0.6670815780486336,0.6671207493172926,3.9171268659082856e-05,0.007515733294321585
6.3107164899739985,0.0,0.6708870968664797,0.670929452780454,4.2355913974328034e-05,0.007512634430025572
6.300704186411851,0.0,0.6747124248836817,0.6747581202847605,4.5695401078828815e-05,0.007509522145867571
6.290639628762064,0.0,0.6785576361316092,0.6786068296131526,4.9193481543340584e-05,0.0075063963898107855
6.280522617158598,0.0,0.6824228044111077,0.6824756584050039,5.2853993896228126e-05,0.0075032571099562274
6.270352952188369,0.0,0.6863080032805959,0.686364684146328,5.668086573206925e-05,0.0075001042545500985
6.260130434918156,0.0,0.690213306043924,0.6902739841597982,6.067811587428558e-05,0.007496937771991316
6.249854866922019,0.0,0.6941387857379846,0.6942036355945779,6.484985659324229e-05,0.0074937576108391815
6.2395260503092285,0.0,0.698084515120076,0.6981537154159573,6.920029588129775e-05,0.0074905637198211875
6.229143787752725,0.0,0.7020505666550091,0.7021243003947955,7.373373978632392e-05,0.0074873560478409705
6.218707882518105,0.0,0.7060370125019577,0.706115467096763,7.845459480525974e-05,0.007484134543986413
6.2082181384931525,0.0,0.7100439245010444,0.7101272918713837,8.336737033930155e-05,0.0074808991575378925
6.197674360217912,0.0,0.7140713741596592,0.7141598508408715,8.84766812123782e-05,0.0074776498379766805
6.1870763529153185,0.0,0.7181194326385065,0.7182132198887611,9.378725025460278e-05,0.0074743865349935
6.176423922522398,0.0,0.7221881707373742,0.7222874746483267,9.93039109524384e-05,0.0074711091984972335
6.165716875722028,0.0,0.7262776588806209,0.7263826904907883,0.00010503161016736209,0.007467817778623788
6.1549550199752865,0.0,0.7303879671023776,0.7304989425133025,0.00011097541092485927,0.007464512225745127
6.144138163554385,0.0,0.7345191650314565,0.7346363055267322,0.00011714049527562966,0.007461192490478458
6.133266115576197,0.0,0.7386713218759635,0.7387948540431944,0.00012353216723093657,0.007457858523695587
6.122338686036396,0.0,0.7428445064076094,0.7429746622633834,0.00013015585577408272,0.0074545102765324394
6.111355685844197,0.0,0.7470387869457134,0.7471758040636634,0.00013701711795004894,0.007451147700398751
6.100316926857732,0.0,0.751254231340895,0.7513983529829303,0.00014412164203538637,0.00744777074698793
6.0892222219200445,0.0,0.7554909069584481,0.7556423822092386,0.0001514752507905083,0.007444379368287092
6.078071384895727,0.0,0.7597488806613918,0.7599079645661884,0.00015908390479658498,0.00744097351658727
6.066864230708209,0.0,0.7640282187931932,0.7641951724990724,0.00016695370587930318,0.00743755314449381
6.055600575377691,0.0,0.7683289871601557,0.7685040780607776,0.00017509090062181192,0.007434118204936935
6.04428023605976,0.0,0.772651251013468,0.7728347528974372,0.00018350188396923747,0.007430668651182506
6.032903031084659,0.0,0.7769950750309066,0.7771872682338338,0.0001921932029272132,0.007427204436842961
6.021468779997257,0.0,0.7813605232981884,0.7815616948585453,0.00020117156035693443,0.0074237255158884395
6.0099773035976956,0.0,0.7857476592899645,0.7859581031088338,0.00021044381886931425,0.0074202318426581084
5.998428423982751,0.0,0.7901565458504514,0.7903765628552722,0.0002200170048208837,0.007416723371871668
5.986821964587892,0.0,0.7945872451736928,0.794817143486107,0.0002298983124141484,0.007413200058641065
5.975157750230069,0.0,0.7990398187834458,0.799279913891351,0.00024009510790518537,0.007409661858482397
5.963435607151217,0.0,0.803514327512684,0.8037649424466053,0.00025061493392133444,0.007406108727328018
5.951655363062514,0.0,0.8080108314827147,0.8082722969966066,0.00026146551389191416,0.007402540621538851
5.939816847189371,0.0,0.8125293900818985,0.8128020448384935,0.0002726547565949669,0.007398957497916901
5.927919890317182,0.0,0.8170700619439699,0.817354252704793,0.000284190760823115,0.007395359313717982
5.915964324837845,0.0,0.8216329049259486,0.8219289867461204,0.0002960818201716897,0.007391746026664649
5.903949984797049,0.0,0.8262179760856365,0.8265263125135889,0.0003083364279523745,0.007388117594959347
5.89187670594235,0.0,0.8308253316586932,0.831146294940929,0.00032096328223568747,0.007384473977297775
5.879744325772039,0.0,0.8354550270352831,0.8357889983263088,0.0003339712910257119,0.007380815132882467
5.867552683584816,0.0,0.8401071167362867,0.8404544863138572,0.00034736957757056965,0.007377141021436597
5.855301620530267,0.0,0.8447816543890699,0.8451428218748822,0.0003611674858122208,0.007373451603218002
5.842990979660175,0.0,0.8494786927028031,0.8498540672887823,0.0003753745859792624,0.007369746839033442
5.83062060598065,0.0,0.8541982834433232,0.8545882841236496,0.00039000068032648964,0.007366026690253071
5.81819034650511,0.0,0.8589404774075318,0.8593455332165568,0.0004050558090250794,0.00736229111882516
5.805700050308104,0.0,0.8637053243973206,0.864125874653528,0.0004205502562073473,0.007358540087291035
5.793149568579998,0.0,0.8684928731930183,0.8689293677491884,0.0004364945561701298,0.007354773558800264
5.780538754682527,0.0,0.8733031715263494,0.8737560710260903,0.00045289949974094073,0.007350991497126078
5.7678674642052306,0.0,0.8781362660528994,0.8786060421937105,0.00046977614081115216,0.007347193866681031
5.7551355550227665,0.0,0.8829922023240759,0.8834793381271165,0.0004871358030405532,0.007343380632532911
5.742342887353131,0.0,0.8878710247585605,0.8883760148452983,0.0005049900867377442,0.007339551760420888
5.729489323816777,0.0,0.8927727766132408,0.8932961274891618,0.0005233508759209312,0.007335707216771921
5.71657472949665,0.0,0.8976974999536169,0.8982397302991807,0.0005422303455637914,0.007331846968717407
5.703598971999151,0.0,0.902645235623672,0.9032068765927033,0.0005616409690311956,0.00732797098411009
5.690561921516025,0.0,0.9076160232152006,0.9081976187409103,0.0005815955257096778,0.0073240792315412235
5.6774634508872,0.0,0.9126099010365847,0.9132120081454224,0.0006021071088376642,0.0073201716803579925
5.66430343566457,0.0,0.9176269060810103,0.9182500952145508,0.0006231891335405831,0.007316248300681197
5.651081754176742,0.0,0.9226670739941155,0.9233119293391916,0.0006448553450760961,0.007312309063423197
5.637798287594749,0.0,0.9277304390410617,0.9283975588683565,0.0006671198272948115,0.007308353940306124
5.624452919998741,0.0,0.9328170340730181,0.9335070310843401,0.0006899970113219587,0.007304382903880364
5.6110455384456595,0.0,0.9379268904930536,0.9386403921775192,0.000713501684465625,0.007300395927543302
5.597576033037906,0.0,0.9430600382214233,0.9437976872207805,0.0007376489993572808,0.007296392985558351
5.584044296993015,0.0,0.9482165056602445,0.948978960143575,0.0007624544833304426,0.007292374053074242
5.570450226714331,0.0,0.9533963196575512,0.9541842537055947,0.0007879340480434495,0.007288339106144604
5.556793721862709,0.0,0.9585995054707176,0.95941360947007,0.0008141039993524573,0.007284288121747811
5.543074685429233,0.0,0.9638260867292436,0.9646670677766845,0.000840981047440881,0.007280221077807121
5.5292930238089735,0.0,0.9690760853968915,0.9699446677141031,0.0008685823172116493,0.007276137953211085
5.51544864687578,0.0,0.9743495217331651,0.9752464470921139,0.0008969253589487614,0.007272038727834253
5.501541468058122,0.0,0.9796464142541224,0.9805724424133772,0.0009260281592547701,0.007267923382558157
5.48757140441598,0.0,0.9849667796925119,0.9859226888447828,0.0009559091522709485,0.0072637918992925895
5.473538376718802,0.0,0.9903106329572243,0.9912972201884114,0.0009865872311870256,0.007259644260997167
5.459442309524522,0.0,0.9956779870920489,0.9966960688520964,0.0010180817600475164,0.007255480451703183
5.445283131259645,0.0,1.0010688532337264,1.002119265819588,0.0010504125858617967,0.007251300456535762
5.431060774300422,0.0,1.0064832405692883,1.0075668406203135,0.0010836000510252139,0.007247104261736301
5.416775175055093,0.0,1.0119211562926735,1.0130388212987322,0.0011176650060586537,0.0072428918546852085
5.402426274047234,0.0,1.0173826055606134,1.0185352343832876,0.0011526288226741167,0.007238663223924941
5.3880140160001755,0.0,1.0228675914477743,1.0240561048549484,0.0011885134071739907,0.00723441835918334
5.373538349922535,0.0,1.0283761149011492,1.029601456115341,0.0012253412141918368,0.007230157251397259
5.358999229194843,0.0,1.0339081746936907,1.0351713099544733,0.0012631352607826367,0.0072258798927365055
5.3443966116572685,0.0,1.0394637673771725,1.040765686518043,0.0013019191408705766,0.007221586276628069
5.329730459698456,0.0,1.0450428872342725,1.046384604274335,0.0013417170400625734,0.007217276397780659
5.3150007403454715,0.0,1.0506455262298686,1.0520280799807045,0.0013825537508358689,0.007212950252209544
5.300207425354856,0.0,1.0562716739615359,1.057696128649644,0.0014244546881081463,0.007208607837261692
5.285350491304792,0.0,1.0619213176092377,1.0633887635144363,0.001467445905198739,0.007204249151641211
5.270429919688385,0.0,1.0675944418842016,1.0691059959943912,0.0015115541101896185,0.007199874195435099
5.255445697008059,0.0,1.0732910289769704,1.0748478356596654,0.0015568066826949663,0.007195482970139289
5.240397814871062,0.0,1.0790110585046195,1.0806142901956677,0.001603231691048237,0.007191075478685002
5.225286270086087,0.0,1.0847545074571332,1.086405365367049,0.0016508579099157323,0.007186651725465403
5.210111064761005,0.0,1.090521350142929,1.0922210649812747,0.0016997148383457977,0.00718221171636255
5.194872206401703,0.0,1.096311558133523,1.0980613908517858,0.0017498327182628557,0.007177755458774657
5.1795697080120355,0.0,1.1021251002073293,1.1039263427607449,0.0018012425534155725,0.007173282961643645
5.164203588194871,0.0,1.1079619422925822,1.1098159184213707,0.0018539761287885397,0.007168794235482999
5.148773871254244,0.0,1.1138220474093747,1.1157301134398616,0.0019080660304869267,0.007164289292405916
5.133280587298596,0.0,1.1197053756108084,1.121668921276912,0.001963545666103624,0.007159768146153761
5.117723772345106,0.0,1.1256118839232423,1.1276323332088207,0.0020204492855784633,0.007155230812124802
5.102103468425106,0.0,1.1315415262856372,1.1336203382881964,0.002078812002559135,0.007150677307403242
5.086419723690564,0.0,1.137494253487988,1.1396329233042615,0.0021386698162734813,0.00714610765078855
5.070672592521633,0.0,1.1434700131088351,1.145670072742758,0.0022000596339228555,0.007141521862825066
5.054862135635264,0.0,1.1494687494518532,1.1517317687454594,0.0022630192936062606,0.0071369199658318965
5.038988420194854,0.0,1.1554904034815066,1.1578179910692916,0.002327587587784985,0.007132301983933089
5.023051519920935,0.0,1.1615349127577692,1.1639287170450667,0.0023938042872974417,0.00712766794308809
5.007051515202882,0.0,1.167602211369903,1.1700639215358368,0.0024617101659338936,0.007123017871122467
4.990988493211629,0.0,1.1736922298692891,1.17622357689487,0.002531347025580705,0.00711835179775891
4.974862548013379,0.0,1.17980489520131,1.1824076529232537,0.0026027577219437095,0.007113669754648492
4.958673780684292,0.0,1.185940130636277,1.1886161168271372,0.0026759861908602026,0.007108971775402194
4.942422299426137,0.0,1.1920978556994002,1.1948489331746093,0.002751077475208979,0.007104257895622689
4.926108219682874,0.0,1.1982779860998003,1.201106063852228,0.0028280777524277195,0.007099528152936366
4.909731664258175,0.0,1.2044804336585582,1.2073874680212051,0.0029070343626468992,0.007094782587025611
4.893292763433836,0.0,1.210705106235802,1.2136931020732513,0.002987995837449231,0.007090021239661322
4.876791655089067,0.0,1.2169519076568316,1.220022919586095,0.0030710119292634737,0.007085244154735654
4.860228484820648,0.0,1.22322073763728,1.2263768712786811,0.0031561336414012344,0.007080451378294993
4.843603406063901,0.0,1.2295114917073129,1.232754904966058,0.0032434132587451504,0.007075642958573147
4.826916580214476,0.0,1.2358240611348692,1.2391569655139658,0.0033329043790965842,0.007070818946024746
4.81016817675091,0.0,1.2421583328479433,1.245582994793134,0.003424661945190664,0.007065979393358846
4.793358373357922,0.0,1.2485141893559146,1.2520329316333008,0.0035187422773861805,0.007061124355572729
4.776487356050433,0.0,1.2548915086699286,1.2585067117769662,0.003615203107037494,0.007056253889985879
4.759555319298258,0.0,1.2612901642223338,1.265004267832889,0.0037141036105552082,0.007051368056274142
4.742562466151445,0.0,1.2677100247851836,1.2715255292293455,0.003815504444161939,0.007046466916504048
4.7255090083662195,0.0,1.2741509543878098,1.2780704221671588,0.003919467779349034,0.0070415505351672835
4.708395166531498,0.0,1.2806128122334761,1.2846388695725157,0.004026057339039593,0.007036618979215309
4.69122117019593,0.0,1.287095452615124,1.2912307910495866,0.0041353384344625715,0.007031672318094111
4.673987257995419,0.0,1.2935987248302208,1.2978461028329629,0.004247378002742172,0.007026710623779068
4.656693677781092,0.0,1.3001224730947258,1.304484717739932,0.004362244645206056,0.007021733970809924
4.639340686747651,0.0,1.3066665364561851,1.3111465451226003,0.004480008666415226,0.007016742436325859
4.621928551562075,0.0,1.3132307487059758,1.3178314908198934,0.004600742113917689,0.00701173610010063
4.604457548492608,0.0,1.3198149382907138,1.324539457109441,0.0047245188187271855,0.0070067150445777835
4.58692796353799,0.0,1.326418928222848,1.3312703426593755,0.004851414436527425,0.0070016793549059105
4.5693400925568675,0.0,1.333042535990459,1.3380240424800602,0.004981506489601362,0.006996629118973942
4.551694241397323,0.0,1.3396855734662874,1.3448004478757714,0.005114874409484037,0.006991564427446449
4.533990726026472,0.0,1.3463478468160182,1.3515994463963548,0.0052515995803365,0.006986485373798957
4.51622987266006,0.0,1.3530291564058443,1.3584209217888814,0.005391765383037204,0.006981392054353222
4.498412017891986,0.0,1.3597292967093433,1.3652647539493294,0.005535457239986085,0.006976284568312487
4.480537508823695,0.0,1.3664480562136954,1.3721308188743107,0.005682762660615301,0.006971163017796669
4.462606703193364,0.0,1.3731852173252788,1.379018988612878,0.005833771287599283,0.006966027507877475
4.444619969504803,0.0,1.3799405562746765,1.3859291312184319,0.005988574943755344,0.0069608781466134135
4.426577687156003,0.0,1.3867138430211363,1.392861110700761,0.006147267679624638,0.006955715045084692
4.408480246567246,0.0,1.3935048411565223,1.399814786978244,0.006309945821721684,0.0069505383174279685
4.39032804930869,0.0,1.4003133078088041,1.406790015830243,0.006476708021439032,0.006945348080870934
4.372121508227356,0.0,1.4071389935451295,1.4137866488497215,0.006647655304591965,0.006940144455766711
4.353861047573418,0.0,1.413981642274531,1.4208045333961172,0.0068228911215862395,0.006934927565628036
4.335547103125709,0.0,1.4208409911503195,1.4278435125485096,0.007002521398190056,0.0069296975371611925
4.317180122316345,0.0,1.4277167704722196,1.4349034250591088,0.007186654586889381,0.006924454500299687
4.298760564354378,0.0,1.4346087035883068,1.4419841053071105,0.007375401718803699,0.006919198588237624
4.2802889003483635,0.0,1.441516506796811,1.449085383252948,0.00756887645613707,0.0069139299374627585
4.261765613427753,0.0,1.4484398892478472,1.4562070843929842,0.007767195145137084,0.006908648687789194
4.2431911988629905,0.0,1.4553785528451495,1.4633490297146814,0.007970476869531925,0.006903354982389703
4.224566164184218,0.0,1.4623321921478771,1.4705110356522904,0.00817884350441327,0.006898048967827623
4.205891029298458,0.0,1.4693004942725718,1.4776929140431019,0.008392419770530169,0.006892730794088317
4.1871663266051735,0.0,1.4762831387953466,1.484894472084303,0.00861133328895634,0.006887400614610148
4.168392601110068,0.0,1.483279797654392,1.4921155122904826,0.008835714636090532,0.006882058586314937
4.1495704105370175,0.0,1.4902901350528894,1.4993558324518361,0.009065697398946719,0.006876704869637885
4.130700325437996,0.0,1.4973138073624226,1.5066152255931105,0.009301418230687848,0.006871339628556899
4.111782929300865,0.0,1.5043504630269902,1.5138934799333439,0.009543016906353789,0.006865963030621302
4.092818818654902,0.0,1.511399742467716,1.5211903788464467,0.009790636378730873,0.0068605752469798826
4.073808603173912,0.0,1.5184612779883688,1.528505700822676,0.01004442283430714,0.006855176452408252
4.054752905776799,0.0,1.5255346936818017,1.5358392194310557,0.010304525749253921,0.0068497668253354555
4.035652362725445,0.0,1.5326196053374266,1.5431907032827974,0.010571097945370918,0.006844346547869818
4.016507623719744,0.0,1.539715620349847,1.5505599159957753,0.010844295645928275,0.00683891580582396
3.9973193519896495,0.0,1.5468223376287757,1.5579466161601112,0.011124278531335411,0.006833474788738954
3.9780882243840687,0.0,1.5539393475103676,1.5653505573049302,0.011411209794562593,0.006828023689907586
3.958814931456456,0.0,1.5610662316701045,1.5727714878663417,0.01170525619623728,0.006822562706396651
3.939500177546935,0.0,1.5682025630373768,1.58020915115671,0.0120065881193333,0.006817092039068269
3.9201446808607927,0.0,1.5753479057119049,1.5876632853352717,0.012315379623366816,0.0068116118926001504
3.9007491735431654,0.0,1.5825018148821564,1.5951336233801652,0.012631808498008911,0.00680612247550478
3.881314401749759,0.0,1.589663836745915,1.6026198930619355,0.012956056316020375,0.006800624000147459
3.861841125713417,0.0,1.5968335084331673,1.6101218169185774,0.013288308485409987,0.00679511668276317
3.8423301198063684,0.0,1.6040103579314724,1.6176391122321856,0.01362875430071325,0.0067896007434722
3.822782172597963,0.0,1.6111939040139929,1.625171491007277,0.013977586993284143,0.006784076406294485
3.803198086907724,0.0,1.6183836561703644,1.6327186599508525,0.014335003780488026,0.006778543899162616
3.7835786798535214,0.0,1.6255791145405905,1.6402803204542697,0.014701205913679362,0.0067730034539334565
3.76392478289468,0.0,1.632779769852152,1.6478561685769955,0.01507639872484347,0.0067674553063983255
3.7442372418698358,0.0,1.63998510336053,1.655445895032307,0.015460791671777042,0.006761899696291676
3.724516917029337,0.0,1.6471945867933406,1.6630491851750182,0.01585459838167766,0.00675633686729824
3.7047646830620033,0.0,1.6544076822982907,1.6706657189912988,0.01625803669300815,0.006750767067058558
3.68498142911604,0.0,1.6616238423951655,1.6782951710906626,0.016671328695497176,0.006745190547172861
3.665168058813908,0.0,1.6688425099320643,1.6859372107001973,0.017094700768133117,0.0067396075632032365
3.6453254902609475,0.0,1.676063118046109,1.693591501661113,0.017528383615004008,0.006734018374674028
3.6254546560475567,0.0,1.6832850901288476,1.7012577024276798,0.017972612298832128,0.0067284232450704065
3.605556503244714,0.0,1.6905078397965876,1.7089354660686353,0.018427626272047727,0.0067228224418350606
3.5856319933926453,0.0,1.6977307708658929,1.7166244402711353,0.018893669405242425,0.006717216236362955
3.5656821024824263,0.0,1.7049532773344829,1.7243242673473218,0.019370990012839037,0.006711604903994087
3.545707820930315,0.0,1.7121747433677796,1.7320345842435905,0.019859840875810896,0.006705988724004194
3.5257101535446056,0.0,1.7193945432913467,1.739755022552627,0.020360479261280356,0.006700367979593348
3.5056901194848016,0.0,1.7266120415894706,1.7474852085282935,0.020873166938822893,0.006694742957872391
3.485648752212897,0.0,1.7338265929101397,1.75522476310344,0.021398170193300294,0.006689113949847142
3.4655870994365645,0.0,1.7410375420766726,1.7629733019107163,0.021935759834043646,0.006683481250400324
3.44550622304404,0.0,1.7482442241062532,1.7707304353064577,0.02248621120020451,0.006677845158271158
3.425407199030511,0.0,1.7554459642356346,1.7784957683977252,0.02304980416209051,0.006672205976032562
3.4052911174157967,0.0,1.7626420779542666,1.7862689010725665,0.023626823118299844,0.006666564010065905
3.3851590821531263,0.0,1.769831871045111,1.794049428033579,0.024217556988467913,0.006660919570533264
3.3650122110288203,0.0,1.7770146396334017,1.8018369388348399,0.024822299201438275,0.006655272971347115
3.3448516355526796,0.0,1.784189670243611,1.8096310179222808,0.02544134767866959,0.006649624530137427
3.324678500838891,0.0,1.7913562398648812,1.8174312446775716,0.026075004812690275,0.0066439745682160874
3.304493965477266,0.0,1.798513616025173,1.8252371934655858,0.026723577440412972,0.006638323410538627
3.2842992013946333,0.0,1.8056610568743903,1.8330484336855122,0.027387376811121914,0.006632671385663174
3.2640953937062003,0.0,1.812797811276728,1.8408645298256758,0.02806671854894785,0.006627018825706607
3.243883740556723,0.0,1.8199231189124894,1.8486850415221368,0.028761922609647314,0.006621366066297856
3.2236654529513102,0.0,1.8270362103896147,1.8565095236211204,0.0294733132315057,0.0066157134465282975
3.2034417545757097,0.0,1.834136307365156,1.864337526245343,0.030201218880187085,0.006610061308899216
3.1832138816059175,0.0,1.8412226226769273,1.872168594864285,0.030945972187357666,0.006604409999266275
3.1629830825069747,0.0,1.8482943604855508,1.8800022703684653,0.03170790988291453,0.006598759866780977
3.142750617820807,0.0,1.855350716427112,1.8878380891477688,0.032487372720656875,0.006593111263829059
3.122517759942982,0.0,1.8623908777766256,1.8956755831738685,0.03328470539724295,0.0065874645459658
3.102285792888271,0.0,1.8694140236225092,1.9035142800867924,0.03410025646428307,0.006581820071848207
3.0820560120448968,0.0,1.8764193250522407,1.9113537032856673,0.03493437823342663,0.006576178203164048
3.061829723917376,0.0,1.8834059453493723,1.919193372023682,0.03578742667430965,0.006570539304557715
3.0416082458578684,0.0,1.890373040202056,1.9270328015072948,0.036659761305238805,0.006564903743552883
3.021392905785951,0.0,1.897319757923221,1.9348715029997188,0.037551745076497806,0.006559271890471955
3.0011850418967625,0.0,1.90424523968253,1.942708983928703,0.03846374424617316,0.006553644118352274
2.9809860023574566,0.0,1.9111486197502219,1.95054474799863,0.039396128248408144,0.006548020802859093
2.9607971449919366,0.0,1.9180290257529349,1.958378295306941,0.0403492695540063,0.006542402322195289
2.9406198369538386,0.0,1.924885578941581,1.9662091224649005,0.041323543523319364,0.00653678905700782
2.9204554543877594,0.0,1.9317173944713257,1.9740367227226945,0.04231932825136876,0.006531181390290932
2.9003053820787335,0.0,1.9385235816937063,1.9818605860988712,0.0433370044051648,0.006525579707286106
2.8801710130899774,0.0,1.9453032444609,1.9896801995141038,0.04437695505320372,0.006519984395378764
2.8600537483889434,0.0,1.952055481442129,1.997495046929268,0.045439565487139205,0.006514395843991746
2.839954996461733,0.0,1.9587793864521679,2.00530460948781,0.0465252230356425,0.0065088144444755735
2.8198761729159436,0.0,1.965474048791896,2.0131083656623794,0.047634316870483216,0.00650324058999552
2.799818700072032,0.0,1.9721385536008056,2.020905791405687,0.048767237804881784,0.006497674675415522
2.7797840065433124,0.0,1.978771982221359,2.0286963603055628,0.04992437808420383,0.006492117097178963
2.7597735268047003,0.0,1.9853734125750548,2.0364795437441416,0.05110613116908675,0.006486568253186358
2.73978870075036,0.0,1.9919419195500387,2.044254811061148,0.05231289151110932,0.006481028542669999
2.719830973240407,0.0,1.9984765754000637,2.0520216297212,0.053545054321136085,0.006475498366065596
2.6999017936368603,0.0,2.0049764501545804,2.0597794654850703,0.05480301533048973,0.006469978124880972
2.6800026153290393,0.0,2.0114406120397046,2.0675277825848313,0.0560871705451265,0.006464468221561878
2.6601348952486323,0.0,2.01786812790978,2.0752660439027917,0.05739791599301154,0.006458969059354983
2.6403000933746807,0.0,2.0242580636892282,2.082993711154142,0.05873564746491354,0.006453481042168116
2.620499672228742,0.0,2.0306094848243434,2.0907102450732036,0.06010076024886027,0.006448004574427843
2.600735096360518,0.0,2.036921456744661,2.09841510560318,0.06149364885851907,0.00644254006093445
2.5810078318242553,0.0,2.0431930453335014,2.10610775208929,0.06291470675578872,0.006437087906714425
2.5613193456462415,0.0,2.0494233174072565,2.1137876434751677,0.06436432606791129,0.0064316485168705384
2.5416711052837497,0.0,2.055611341202958,2.121454238502393,0.06584289729943457,0.006426222296429618
2.5220645780757964,0.0,2.0617561868736423,2.1291069959130198,0.0673508090393775,0.006420809650188126
2.502501230686102,0.0,2.0678569269909843,2.1367453746549563,0.0688884476639718,0.0064154109825556435
2.4829825285386664,0.0,2.0739126370546668,2.144368834090041,0.07045619703537422,0.006410026697396393
2.4635099352463867,0.0,2.079922396007898,2.1519768342046612,0.07205443819676347,0.006404657197868911
2.4440849120331656,0.0,2.085885286758487,2.1595688358227423,0.07368354906425534,0.006399302886263998
2.4247089171499843,0.0,2.091800396704844,2.167144300820932,0.07534390411608806,0.006393964163841095
2.4053834052854226,0.0,2.097666818266258,2.1747026923458055,0.07703587407954728,0.006388641430663205
2.386109826971134,0.0,2.103483649416776,2.1822434750328927,0.07875982561611661,0.0063833350854305216
2.3668896279828036,0.0,2.109249994221991,2.1897661152273464,0.08051612100535514,0.006378045525312899
2.347724248737124,0.0,2.114964963378019,2.1972700812060366,0.08230511782801721,0.006372773145781333
2.328615123685354,0.0,2.12062767475193,2.2047548434008726,0.08412716864894249,0.0063675183404385965
2.3095636807040276,0.0,2.1262372539228838,2.21221987462314,0.08598262070025614,0.006362281500849202
2.2905713404834085,0.0,2.131792834723199,2.2196646502886273,0.08787181556542814,0.006357063016368856
2.2716395159142864,0.0,2.137293559778578,2.2270886486433272,0.08979508886474959,0.006351863273973571
2.2527696114737363,0.0,2.1427385810466903,2.234491350989481,0.09175276994279026,0.006346682658088619
2.2339630226104648,0.0,2.14812706035332,2.2418722419117265,0.09374518155840665,0.006341521550417494
2.215221135130386,0.0,2.153458169925258,2.249230809503131,0.09577263957787292,0.006336380329771071
2.196545324583072,0.0,2.1587310929191363,2.256566545590845,0.09783545267170865,0.006331259371897142
2.177936955649737,0.0,2.1639450239453777,2.2638789459611544,0.09993392201577662,0.006326159049310515
2.1593973815334233,0.0,2.1690991695864503,2.271167510583672,0.10206834099722181,0.006321079731123862
2.140927943352052,0.0,2.1741927489086073,2.2784317438344255,0.10423899492581824,0.006316021782879507
2.1225299695350244,0.0,2.179224993966305,2.285671154717589,0.1064461607512845,0.006310985566382341
2.1042047752240434,0.0,2.1841951502984926,2.292885257085613,0.10869010678712038,0.006305971439534066
2.085953661678847,0.0,2.1891024774159797,2.3000735698574872,0.11097109244150744,0.00630097975616894
2.0677779156885276,0.0,2.193946249279097,2.3072356172349013,0.11328936795580438,0.006296010865891234
2.0496788089891207,0.0,2.1987257547648835,2.3143709289160377,0.11564517415115434,0.006291065113914581
2.0316575976881475,0.0,2.203440298123045,2.321479040306751,0.11803874218370596,0.006286142840903412
2.0137155216967804,0.0,2.2080891994199487,2.3285594927288815,0.12047029330893258,0.006281244382816667
1.995853804170307,0.0,2.2126717949699444,2.33561183362546,0.12294003865551549,0.006276370070753971
1.9780736509575532,0.0,2.217187437753315,2.342635616762551,0.12544817900923583,0.006271520230804455
1.960376250059923,0.0,2.2216354978201975,2.349630402427496,0.12799490460729837,0.006266695183898415
1.9427627711007038,0.0,2.2260153626798327,2.356595757623319,0.13058039494348658,0.006261895245661984
1.9252343648052674,0.0,2.230326437674532,2.363531256259055,0.13320481858452302,0.006257120726274992
1.9077921624927945,0.0,2.2345681463377876,2.3704364793357713,0.1358683329979836,0.0062523719303321955
1.8904372755801293,0.0,2.238739930735976,2.3773110151280625,0.13857108439208632,0.006247649156708038
1.873170795098359,0.0,2.2428412517931458,2.3841544593607926,0.14131320756764693,0.006242952698425117
1.855993791222694,0.0,2.246871589598407,2.3909664153808716,0.1440948257824644,0.006238282842526506
1.8389073128162112,0.0,2.2508304436954925,2.3977464943238616,0.1469160506283692,0.006233639869952105
1.8219123869879954,0.0,2.254717333354077,2.404494315275213,0.14977698192113617,0.006229024055419146
1.8050100186662037,0.0,2.2585317978225015,2.411209505425934,0.15267770760343263,0.006224435667307021
1.7882011901865464,0.0,2.2622733965615716,2.4178917002225124,0.1556183036609408,0.006219874967546555
1.7714868608966616,0.0,2.2659417094591516,2.424540543510912,0.1585988340517607,0.00621534221151387
1.7548679667768345,0.0,2.2695363370253094,2.431155687674478,0.16161935064916869,0.006210837647928946
1.7383454200774866,0.0,2.273056900567814,2.437736793765587,0.16467989319777324,0.006206361518759019
1.7219201089738367,0.0,2.2765030423478234,2.444283531630902,0.16778048928307865,0.006201914059126909
1.705592897238107,0.0,2.279874425715646,2.4507955800300807,0.1709211543144347,0.006197495497224396
1.6893646239296203,0.0,2.2831707352265007,2.45727262674782,0.1741018915213193,0.006193106054230726
1.6732361031031073,0.0,2.2863916767362396,2.4637143686991094,0.17732269196286987,0.00618874594423635
1.6572081235355138,0.0,2.289536977477037,2.470120512027586,0.18058353455054904,0.006184415374171961
1.6412814484715665,0.0,2.292606386113093,2.476490772196894,0.18388438608380078,0.006180114543742913
1.6254568153883302,0.0,2.295599672776436,2.48282487407496,0.18722520129852405,0.00617584364536908
1.6097349357789552,0.0,2.2985166290829486,2.489122552011112,0.19060592292816356,0.0061716028641302075
1.5941164949557856,0.0,2.301357068128777,2.4953835499059673,0.19402648177719015,0.006167392377716813
1.5786021518729667,0.0,2.3041208244673266,2.5016076212740446,0.1974867968067182,0.006163212356386664
1.5631925389686623,0.0,2.3068077540670697,2.507794529299052,0.2009867752319826,0.006159062962926863
1.547888262026956,0.0,2.3094177342504447,2.5139440468818197,0.20452631263137494,0.0061549443526215785
1.5326899000594891,0.0,2.311950663614136,2.520055956680853,0.20810529306671693,0.006150856673225405
1.517598005206844,0.0,2.314406461931076,2.5261300511455045,0.2117235892144286,0.006146800064942383
1.5026131026596667,0.0,2.3167850700345265,2.5321661325417564,0.21538106250722985,0.006142774660410664
1.487735690599479,0.0,2.3190864496846295,2.5381640129706264,0.21907756328599695,0.0061387805846928045
1.472966240159108,0.0,2.3213105834178487,2.544123514379228,0.22281293096137936,0.006134817955271682
1.4583051954026307,0.0,2.3234574743797367,2.5500444685645047,0.22658699418476794,0.006130886882051988
1.4437529733247012,0.0,2.3255271461414972,2.5559267171696907,0.23039957102819333,0.00612698746736728
1.4293099638690985,0.0,2.327519642500827,2.5617701116735483,0.23425046917272158,0.006123119805992528
1.4149765299663095,0.0,2.3294350272675386,2.5675745133724437,0.23813948610490487,0.006119283985162129
1.4007530075899324,0.0,2.331273384034495,2.573339793355332,0.24206640932083717,0.006115480084593309
1.386639705831658,0.0,2.3330348159343823,2.57906583247174,0.24603101653735768,0.006111708176514864
1.3726369069945656,0.0,2.334719445382885,2.5847525212928257,0.2500330759099407,0.006107968325701152
1.358744866704441,0.0,2.336327413808817,2.5903997600656234,0.2540723462568068,0.006104260589511277
1.3449638140388047,0.0,2.3378588813717895,2.596007458660577,0.2581485772887871,0.006100585017933363
1.3312939516733138,0.0,2.3393140266679966,2.6015755365124713,0.2622615098444745,0.006096941653633837
1.31773545604518,0.0,2.3406930464247035,2.6071039225548964,0.266410876130193,0.006093330532011626
1.3042884775332273,0.0,2.341996155184039,2.61259255514836,0.2705963999643212,0.0060897516812571575
1.2909531406541903,0.0,2.3432235849766805,2.6180413820021884,0.27481779702550796,0.006086205122416072
1.2777295442748404,0.0,2.3443755849860386,2.623450360090361,0.27907477510432266,0.006082690869457522
1.2646177618395067,0.0,2.345452421203533,2.6288194555614224,0.28336703435788946,0.00607920892934695
1.2516178416125445,0.0,2.3464543760755605,2.6341486436426202,0.2876942675670596,0.006075759302123235
1.2387298069352886,0.0,2.347381748142749,2.6394379085384347,0.2920561603956858,0.006072341980980063
1.2259536564970148,0.0,2.348234851672085,2.6446872433236543,0.29645239165156945,0.0060689569523514186
1.2132893646194245,0.0,2.349014016282501,2.6498966498311636,0.3008826335486624,0.0060656041960010605
1.200736881554149,0.0,2.3497195865644964,2.6550661385346115,0.30534655197011495,0.006062283685115848
1.1882961337927687,0.0,2.3503519216943647,2.660195728426137,0.30984380673177214,0.006058995386402784
1.1759670243888258,0.0,2.3509113950435814,2.6652854468893143,0.31437405184573314,0.006055739260189654
1.16374943329131,0.0,2.351398393783905,2.6703353295675054,0.31893693578360016,0.006052515260529104
1.15164321768908,0.0,2.3518133184887264,2.6753454202277833,0.3235321017390568,0.006049323335306043
1.1396482123656897,0.0,2.3521565827311925,2.6803157706206204,0.328159187889428,0.00604616342634821
1.1277642300640751,0.0,2.3524286126796157,2.6852464403355047,0.33281782765588896,0.006043035469539786
1.1159910618605604,0.0,2.352629846690666,2.6901374966526688,0.33750764996200283,0.006039939394937907
1.1043284775476367,0.0,2.352760734900831,2.694989014391113,0.3422282794902822,0.006036875126891936
1.0927762260249683,0.0,2.35282173881661,2.6998010757530935,0.34697933693648353,0.006033842584165359
1.0813340356980805,0.0,2.3528133309038957,2.7045737701652546,0.3517604392613589,0.006030841680060178
1.0700016148841853,0.0,2.3527359941769754,2.709307194116578,0.3565711999396024,0.006027872322543657
1.0587786522246019,0.0,2.3525902217875796,2.714001450993325,0.3614112292057453,0.006024934414377289
1.0476648171032346,0.0,2.3523765166143678,2.718656650911136,0.36628013429676787,0.006022027853247856
1.0366597600705723,0.0,2.3520953908532447,2.723272910544454,0.37117751969120955,0.006019152531900461
1.0257631132726808,0.0,2.3517473656088717,2.727850352953447,0.3761029873445754,0.006016308338273384
1.0149744908846645,0.0,2.3513329704877197,2.732389107408569,0.3810561369208495,0.006013495155634665
1.0042934895480795,0.0,2.350852743192996,2.7368893092129367,0.3860365660199407,0.006010712862720277
0.9937196888117896,0.0,2.3503072291217597,2.7413510995226607,0.3910438704009008,0.006007961333873777
0.9832526515757622,0.0,2.349696980964513,2.7457746251652804,0.3960776442007676,0.006005240439187323
0.9728919245373135,0.0,2.349022558307555,2.750160038456454,0.40113748014889933,0.006002550044643948
0.9626370386393172,0.0,2.348284527238346,2.754507497015026,0.40622296977668004,0.005999890012260978
0.9524875095199054,0.0,2.3474834599541268,2.7588171635766146,0.4113337036224879,0.005997260200234504
0.9424428379631979,0.0,2.346619934374015,2.763089205805846,0.416469271431831,0.005994660463084809
0.9325025103506082,0.0,2.3456945337547817,2.767323796107349,0.42162926235256737,0.005992090651802642
0.922665999112285,0.0,2.3447078463104924,2.771521111435629,0.4268132651251366,0.005989550613996276
0.9129327631782632,0.0,2.343660464836185,2.7756813331039276,0.4320208682677428,0.005987040194039254
0.9033022484289055,0.0,2.342552986335731,2.7798046465921686,0.4372516602564378,0.005984559233218736
0.893773888144232,0.0,2.3413860116540217,2.7838912413540884,0.4425052297000666,0.0059821075698844005
0.8843471034517482,0.0,2.3401601451135887,2.7879413106236313,0.44778116551004243,0.005979685039597803
0.8750213037723917,0.0,2.338875994155766,2.791955051220699,0.45307905706493307,0.005977291475282156
0.8657958872642355,0.0,2.337534168986476,2.7959326633563215,0.45839849436984537,0.005974926707372459
0.8566702412635954,0.0,2.3361352822267105,2.799874350437316,0.4637390682106054,0.005972590563965932
0.847643742723206,0.0,2.334679948567757,2.803780318870496,0.46910037030273893,0.005970282870972703
0.8387157586471412,0.0,2.333168784431216,2.8076507778664808,0.47448199343526454,0.005968003452266724
0.8298856465221701,0.0,2.3316024076338233,2.8114859392431426,0.4798835316093192,0.005965752129836864
0.8211527547452528,0.0,2.3299814370570977,2.81528601722874,0.4853045801716425,0.005963528723938168
0.8125164230468948,0.0,2.328306492321803,2.8190512282647555,0.49074473594295254,0.005961333053243245
0.8039759829100916,0.0,2.326578193467207,2.8227817908084583,0.4962035973412512,0.005959164934993778
0.7955307579846117,0.0,2.324797160635113,2.826477925135217,0.5016807645001038,0.0059570241851521506
0.7871800644963748,0.0,2.3229640137586105,2.8301398531405515,0.5071758393819411,0.0059549106185531695
0.7789232116517016,0.0,2.321079372255499,2.833767798141937,0.5126884258864379,0.005952824049055902
0.7707595020362218,0.0,2.319143854726313,2.837361984680339,0.5182181299540263,0.005950764289695625
0.7626882320082392,0.0,2.3171580786568673,2.8409226383214716,0.5237645596646043,0.005948731152835899
0.7547086920863704,0.0,2.3151226601252413,2.844449985456748,0.529327325331507,0.005946724450320791
0.7468201673312818,0.0,2.313038213513094,2.8479442531038996,0.5349060395908057,0.0059447439936272635
0.7390219377213654,0.0,2.310905351221206,2.8514056687072165,0.5405003174860107,0.005942789594017766
0.7313132785222064,0.0,2.308724683389127,2.854834459937373,0.5461097765482461,0.005940861062693049
0.7236934606497054,0.0,2.306496817618804,2.8582308544907815,0.5517340368719775,0.005938958210945262
0.7161617510267342,0.0,2.3042223587020536,2.8615950798884207,0.5573727211863673,0.005937080850311354
0.7087174129332117,0.0,2.3019019083517356,2.8649273632740733,0.5630254549223377,0.005935228792726845
0.701359706349502,0.0,2.299536064936477,2.8682279312118997,0.568691866275423,0.005933401850680008
0.6940878882930444,0.0,2.297125423218795,2.871497009483287,0.5743715862644918,0.005931599837366526
0.6869012131481385,0.0,2.2946705740964526,2.8747348228828744,0.5800642487864217,0.005929822566844679
0.6797989329888177,0.0,2.2921721043468835,2.877941595013694,0.5857694906668109,0.005928069854191125
0.6727802978947534,0.0,2.2896305963745163,2.881117548081325,0.5914869517068084,0.0059263415156573405
0.665844556260144,0.0,2.2870466279608235,2.8842629026869706,0.5972162747261471,0.00592463736882679
0.6589909550955522,0.0,2.2844207720169214,2.8873778776193855,0.6029571056024642,0.005922957232772894
0.6522187403226599,0.0,2.2817535963385422,2.8904626896455325,0.6087090933069903,0.005921300928217866
0.6455271570619272,0.0,2.2790456633632052,2.8935175532998967,0.6144718899366917,0.0059196682776924865
0.6389154499131395,0.0,2.2762975299294057,2.896542680672353,0.6202451507429472,0.00591805910569689
0.6323828632288456,0.0,2.2735097470376515,2.899538281194493,0.6260285341568418,0.005916473238862436
0.62592864138069,0.0,2.270682859613175,2.9025045614243323,0.6318217018111569,0.005914910506114722
0.6195520290186547,0.0,2.267817406270155,2.9054417248292927,0.6376243185591379,0.0059133707388378184
0.6132522713232301,0.0,2.264913919077283,2.9083499715674,0.6434360524901171,0.005911853771039777
0.6070286142505446,0.0,2.261972923324534,2.911229498266604,0.6492565749420702,0.005910359439519471
0.6008803047704845,0.0,2.2589949372909826,2.914080497802164,0.6550855605111818,0.005908887584034817
0.5948065910978488,0.0,2.2559804720135457,2.916903159072042,0.6609226870584962,0.005907438047472428
0.5888067229165808,0.0,2.252930031056526,2.9196976667702517,0.6667676357137257,0.005906010676018718
0.5828799515971318,0.0,2.2498441102818547,2.922464201158145,0.6726200908762902,0.005904605319332493
0.5770255304070127,0.0,2.246723197619948,2.925202937833606,0.678479740213658,0.005903221830719032
0.5712427147145951,0.0,2.2435677728411143,2.927914047498172,0.6843462746570579,0.005901860067305658
0.5655307621862296,0.0,2.240378307327462,2.9305976957220916,0.6902193883946298,0.005900519890218775
0.5598889329767505,0.0,2.2371552638453007,2.933254042707383,0.6960987788620824,0.005899201164762339
0.5543164899134424,0.0,2.2338990963180407,2.935883243048961,0.7019841467309205,0.00589790376059769
0.548812698673547,0.0,2.230610249599635,2.938485445493944,0.707875195894309,0.005896627551924682
0.5433768279553898,0.0,2.227289159248647,2.941060792699281,0.7137716334506341,0.00589537241766398
0.5380081496432131,0.0,2.223936251303055,2.9436094209878787,0.7196731696848236,0.005894138241640407
0.5327059389658009,0.0,2.2205519420559643,2.946131460103453,0.7255795180474887,0.0058929249127671526
0.5274694746489845,0.0,2.2171366378324264,2.9486270329643696,0.7314903951319432,0.005891732325230658
0.5222980390621221,0.0,2.213690734767631,2.9510962554167945,0.7374055206491635,0.005890560378675908
0.5171909183586423,0.0,2.2102146185867837,2.9535392359875257,0.7433246174007421,0.005889408978391876
0.5121474026107491,0.0,2.2067086643870497,2.955956075636946,0.7492474112498962,0.005888278035496759
0.5071667859383823,0.0,2.2031732364220042,2.9583468675125912,0.7551736310905869,0.005887167467122644
0.5022483666325298,0.0,2.1996086878891035,2.9607116967039078,0.7611030088148044,0.005886077196599165
0.49739144727299106,0.0,2.1960153607207675,2.9630506399988463,0.7670352792780789,0.005885007153635644
0.49259533484068674,0.0,2.1923935853797474,2.965363765643019,0.7729701802632718,0.005883957274501186
0.4878593408246147,0.0,2.1887436806595337,2.9676511331022404,0.7789074524427065,0.005882927502202079
0.48318278132354925,0.0,2.185065953490662,2.9699127928293585,0.7848468393386965,0.005881917786655827
0.4785649771425816,0.0,2.1813606987538567,2.972148786036387,0.7907880872825301,0.005880928084861038
0.47400525388459835,0.0,2.177628199101079,2.9743591444730533,0.7967309453719742,0.005879958361062322
0.46950294203679444,0.0,2.1738687247856268,2.9765438902129837,0.8026751654273572,0.005879008586909265
0.46505737705231653,0.0,2.170082533502568,2.9787030354488673,0.8086205019462991,0.0058780787416084675
0.4606678994271308,0.0,2.1662698702409013,2.9808365822980543,0.814566712057153,0.0058771688120675325
0.45633385477220806,0.0,2.1624309671489503,2.9829445226201807,0.8205135554712304,0.0058762787930298
0.4520545938811182,0.0,2.1585660434146345,2.9850268378485167,0.8264607944338821,0.005875408687198533
0.4478294727931238,0.0,2.154675305162379,2.987083498836892,0.8324081936745128,0.005874558505349148
0.4436578528518614,0.0,2.1507589453685556,2.9891144657241657,0.8383555203556099,0.005873728266428004
0.43953910075969593,0.0,2.146817143797475,2.9911196878183466,0.844302544020872,0.005872917997636131
0.43547258862783417,0.0,2.1428500669600785,2.993099103502607,0.8502490365425284,0.005872127734496225
0.4314576940222779,0.0,2.1388578680975985,2.995052640165543,0.8561947720679446,0.0058713575209010885
0.427493800005698,0.0,2.1348406871925754,2.996980214158192,0.8621395269656166,0.005870607409141651
0.4235802951753068,0.0,2.1307986510097368,2.998881730780398,0.8680830797706609,0.005869877459912566
0.41971657369680493,0.0,2.1267318731693337,3.0007570842992495,0.8740252111299157,0.005869167742293346
0.41590203533447506,0.0,2.122640454255635,3.0026061580024095,0.8799657037467745,0.00586847833370289
0.4121360854774952,0.0,2.1185244819633424,3.004428824289224,0.8859043423258813,0.005867809319825208
0.4084181351625391,0.0,2.1143840312847515,3.0062249448025757,0.8918409135178244,0.00586716079450411
0.40474760109273217,0.0,2.1102191647405215,3.0079943706044934,0.897775205863972,0.005866532859604575
0.40112390565302686,0.0,2.106029932656921,3.009736942398526,0.903707009741605,0.005865925624838513
0.3975464769220614,0.0,2.1018163734924027,3.0114524908019074,0.9096361173095048,0.005865339207552649
0.39401474868056324,3.614804942240497e-06,2.097578514216306,3.0131408366704733,0.9155623224541675,0.005864773732476285
0.39052816041635774,1.2182242012080228e-05,2.0933163707423983,3.01480179147922,0.9214854207368216,0.005864229331426741
0.3870861573260411,2.5901436987851545e-05,2.0890299484198387,3.016435157761273,0.927405209341434,0.005863706142970424
0.38368819031337603,4.497468126148511e-05,2.0847192425839713,3.0180407296078693,0.9333214870238978,0.005863204312037527
0.38033371598446775,6.96071501156081e-05,2.0803842391691316,3.0196182932317353,0.9392340540626036,0.005862723989488587
0.3770221966397788,0.00010000658888434566,2.0760249153853794,3.021167627595979,0.9451427122105996,0.005862265331631311
0.37375310026304054,0.00013638296609544873,2.0716412404607403,3.0226885051102963,0.9510472646495561,0.005861828499686322
0.37052590050712,0.00017894809288224498,2.067233176450147,3.0241806923958983,0.9569475159457517,0.005861413659200779
0.36734007667690316,0.00022791520817481558,2.0628006791118327,3.0256439511201365,0.9628432720083039,0.005861020979409163
0.3641951137092565,0.00028349852943134515,2.0583436988514174,3.0270780389012883,0.9687343400498709,0.005860650632540896
0.3610905021501307,0.00034591276895280055,2.0538621817333595,3.0284827102834093,0.9746205285500498,0.0058603027930749065
0.3580257381288753,0.000415372616136496,2.049356070558828,3.0298577177805273,0.9805016472216991,0.005859977636941715
0.35500032332983367,0.0004920921863654797,2.0448253060083577,3.031202812988768,0.9863775069804102,0.005859675340674148
0.352013764961295,0.0005762844375991996,2.0402698278469233,3.0325177477642713,0.9922479199173477,0.005859396080508346
0.34906557572188107,0.0006681605561238552,2.0356895761882825,3.0338022754639566,0.9981126992756741,0.0058591400314373385
0.3461552737644543,0.0007679293133347233,2.031084492814614,3.035056152245377,1.0039716594307635,0.005858907366220075
0.34328238265763666,0.0008757963958532163,2.0264545225466333,3.0362791384210337,1.0098246158744004,0.005858698254349476
0.3404464313450361,0.0009919637117231878,2.0217996146584833,3.037470999861627,1.0156713852031438,0.005858512860983737
0.3376469541022843,0.00111662867587802,2.0171197243308248,3.0386315094418475,1.0215117851110227,0.005858351345845789
0.3348834904919957,0.0012499834785153327,2.0124148141346727,3.039760448521381,1.0273456343867082,0.005858213862096524
0.33215558531676476,0.0013922143404521592,2.007684855537671,3.0408576084529577,1.0331727529152865,0.005858100555188027
0.3294627885703275,0.0015435007599517863,2.002929830423681,3.041922792108415,1.0389929616847338,0.005858011561703726
0.3268046553870181,0.0017040147559054864,1.998149732615796,3.0429558154129603,1.0448060827971641,0.005857947008192938
0.324180745989661,0.0018739201126089125,1.9933445693922127,3.0439565088771094,1.0506119394848967,0.005857907010007869
0.321590625636046,0.002053371631684881,1.9885143629837818,3.0449247191151327,1.0564103561313507,0.005857891670151559
0.31903386456413874,0.0022425143969625155,1.9836591520415854,3.045860310338335,1.0622011582967494,0.005857901078145685
0.3165100379361877,0.0024414830583186515,1.978778993062518,3.0467631658110923,1.0679841727485742,0.005857935308927434
0.3140187257818939,0.002650401140612975,1.9738739617606342,3.0476331892573088,1.0737592274966745,0.005857994421784821
0.3115595129408133,0.002869380383896513,1.9689441543719637,3.0484703062048673,1.0795261518329036,0.005858078459339925
0.30913198900416844,0.0030985201210379076,1.9639896888805934,3.049274465255702,1.0852847763751083,0.005858187446589449
0.3067357482562465,0.003337906698789028,1.959010706154106,3.0500456392693733,1.0910349331152676,0.005858321390011822
0.3043703896155644,0.003587612948098106,1.9540073709769161,3.0507838264484466,1.0967764554715302,0.005858480276749717
0.30203551657598193,0.0038476977091739454,1.948979872970696,3.051489051314571,1.102509178343875,0.0058586640738764306
0.29973073714794235,0.004118205416409944,1.9439284273919009,3.0521613655649733,1.1082329381730724,0.005858872727753916
0.2974556638000188,0.004399165747795076,1.9388532757974017,3.0528008488000022,1.1139475730026005,0.005859106163489554
0.29520991340094027,0.004690593342875922,1.9337546865703867,3.0534076091135223,1.1196529225431353,0.00585936428449787
0.2929931071622658,0.00499248759269689,1.9286329552999946,3.0539817835392054,1.1253488282392106,0.005859646972172445
0.29080487058186866,0.0053048325044443255,1.9234884050095709,3.054523538347188,1.1310351333376167,0.005859954085672161
0.28864483338838476,0.005627596642765567,1.918321386229967,3.055033069187061,1.1367116829570938,0.005860285461824819
0.2865126294867678,0.005960733148938805,1.9131322769159105,3.055510601074765,1.1423783241588548,0.0058606409151498815
0.28440789690508494,0.006304179838247836,1.9079214822051302,3.055956388222599,1.148034906017469,0.005861020238000908
0.2823302777426723,0.006657859375082156,1.902689434021601,3.056370713713231,1.1536812796916303,0.005861423200826911
0.2802794181197575,0.007021679524452508,1.8974365905259298,3.0567538890202632,1.1593172984943332,0.005861849552550635
0.2782549681286415,0.007395533477800097,1.8921634354175385,3.057106253379528,1.1649428179619896,0.005862299021060494
0.27625658178651663,0.007779300250199041,1.8868704770948443,3.0574281730168686,1.1705576959220243,0.005862771313811723
0.27428391698998256,0.008172845145320042,1.8815582476810986,3.057720040239607,1.1761617925585084,0.005863266118531173
0.27233663547130554,0.008576020283851599,1.8762273019248716,3.0579822724002756,1.1817549704754038,0.005863783104019162
0.2704144027564505,0.008988665190474336,1.8708782159853603,3.0582153107423826,1.187337094757022,0.005864321921040858
0.26851688812489877,0.009410607433963781,1.865511586113711,3.058419619139035,1.1929080330253239,0.005864882203298896
0.26664376457124983,0.009841663314564294,1.860128027242396,3.058595682736115,1.1984676554937193,0.005865463568478261
0.2647947087685891,0.010281638592437177,1.8547281714953305,3.0587440065123936,1.204015835017063,0.0058660656193539286
0.2629694010335898,0.01073032925074219,1.8493126666318833,3.05886511376946,1.2095524471375767,0.005866687944951431
0.26116752529330317,0.01118752228676434,1.8438821744381864,3.0589595445646487,1.2150773701264623,0.005867330121750238
0.25938876905357966,0.011652996524445798,1.838437369079234,3.059027854100255,1.2205904850210207,0.005867991714919798
0.2576328233690507,0.012126523441722346,1.8329789354251385,3.059070611082257,1.2260916756571185,0.005868672279578136
0.2558993828145919,0.012607868006190001,1.8275075673646306,3.059088396061525,1.2315808286968946,0.005869371362063094
0.2541881454581797,0.01309678951283344,1.8220239661184425,3.059081799770073,1.2370578336516307,0.005870088501206621
0.2524988128350447,0.01359304241782562,1.8165288385646252,3.059051421464381,1.2425225828997555,0.005870823229602943
0.25083108992302156,0.014096377162748521,1.8110228955871364,3.058997867287118,1.2479749716999815,0.005871575074861964
0.24918468511898756,0.014606540983978553,1.805506850458219,3.058921748657834,1.253414898199615,0.005872343560839855
0.24755931021628225,0.015123278702416698,1.799981417264185,3.058823680702293,1.2588422634381082,0.00587312820883945
0.24595468038299587,0.015646333489212964,1.7944473093832534,3.0587042807292106,1.2642569713459573,0.005873928538773797
0.24437051414101563,0.01617544760362675,1.7889052380230814,3.0585641667621513,1.26965892873907,0.005874744070286951
0.24280653334571903,0.01671036309967016,1.783355910824595,3.0584039561333585,1.2750480453087636,0.005875574323826888
0.24126246316620503,0.017250822498690633,1.7778000305376804,3.0582242641452404,1.28042423360756,0.005876418821666175
0.2397380320659573,0.017796569425554395,1.7722382937732746,3.0580257028042537,1.2857874090309793,0.0058772770888668325
0.238232971783837,0.018347349206585834,1.7666713898353863,3.0578088796309233,1.2911374897955372,0.005878148654186555
0.23674701731530745,0.01890290942789311,1.7610999996356151,3.0575743965487847,1.2964743969131693,0.005879033050924201
0.23527990689379807,0.01946300045316204,1.7555247946918224,3.0573228488541377,1.3017980541623153,0.005879929817703144
0.23383138197212086,0.02002737590042375,1.7499464362117514,3.057054824267653,1.3071083880559016,0.005880838499191734
0.2324011872038587,0.02059579307769336,1.7443655742616042,3.0567709020680702,1.3124053278064658,0.005881758646760717
0.2309890704246514,0.02116801337773462,1.7387828470188633,3.0564716523075326,1.3176888052886693,0.005882689819077987
0.2295947826333122,0.021743802632527124,1.7331988801079992,3.0561576351074415,1.3229587549994424,0.005883631582641579
0.22821807797271415,0.02232293142829776,1.7276142860171362,3.055829400033142,1.3282151140160054,0.005884583512252213
0.22685871371039254,0.02290517538222639,1.7220296635932515,3.0554874855452567,1.333457821952005,0.005885545191427082
0.2255164502188169,0.023490315382147776,1.7164455976130635,3.0551324185250612,1.338686820911998,0.0058865162127569315
0.22419105095529201,0.02407813779074876,1.7108626584264117,3.054764713870922,1.3439020554445105,0.005887496178208706
0.22288228244145475,0.024668434615903106,1.7052814016686542,3.054384874162542,1.3491034724938882,0.0058884846993763
0.22158991424233884,0.025261003648898193,1.699702368038386,3.0539933893895337,1.3542910213511477,0.005889481397682084
0.2203137189449868,0.025855648572390127,1.6941260831366292,3.053590736740657,1.359464653604028,0.005890485904532036
0.21905347213659274,0.026452179039979058,1.6885530573635368,3.0531773804499656,1.3646243230864288,0.005891497861427371
0.21780895238216602,0.0270504107293273,1.6829837858686056,3.052753771696019,1.3697699858274135,0.005892516920035614
0.21657994120171023,0.02765016537075154,1.6774187485503815,3.052320348550325,1.3749015999999434,0.005893542742224082
0.21536622304691647,0.028251270753209733,1.671858410101668,3.051877535971164,1.380019125869496,0.005894575000058725
0.21416758527737442,0.02885356070957565,1.6663032200963206,3.0514257458390315,1.3851225257427109,0.005895613375771207
0.2129838181363083,0.029456875083051896,1.6607536131137959,3.050965377029991,1.3902117639161953,0.005896657561697099
0.21181471472584792,0.030061059676517853,1.6552100088977464,3.0504968155233554,1.3952868066256092,0.005897707260187907
0.21066007098184897,0.03066596618654454,1.6496728125450886,3.0500204345402278,1.4003476219951394,0.005898762183499612
0.20951968564827791,0.03127145212373601,1.644142414722125,3.049536594709587,1.405394179987462,0.005899822053660261
0.208393360251181,0.03187738072097817,1.6386191919044704,3.0490456442587526,1.410426452354282,0.005900886602319031
0.2072808990722569,0.032483620831092685,1.6331035066376995,3.0485479192252276,1.415444412587528,0.005901955570579076
0.20618210912205612,0.03309004681530743,1.627595707815826,3.0480437436871,1.4204480358712743,0.005903028708816309
0.2050968001128297,0.03369653842386684,1.6220961309748925,3.047533430009341,1.4254372990344486,0.005904105776486161
0.20402478443105285,0.03430298067001707,1.616605098599148,3.0470172791035286,1.4304121805043806,0.005905186541920208
0.202965877109648,0.03490926369851253,1.6111229204374644,3.046495580698698,1.435372660261234,0.005906270782114427
0.20191989579993425,0.03551528264970357,1.6056498938278283,3.0459686136211914,1.4403187197933631,0.005907358282510712
0.20088666074332878,0.03612093752018023,1.6001863040279185,3.0454366460815403,1.4452503420536218,0.00590844883677314
0.19986599474282754,0.03672613302086427,1.5947324245499512,3.044899935966603,1.4501675114166517,0.005909542246560371
0.19885772313429123,0.037330778433362695,1.5892885174981375,3.044358731135306,1.4550702136371687,0.00591063832129542
0.19786167375756347,0.03793478746531973,1.5838548339072573,3.0438132697165186,1.4599584358092612,0.005911736877933935
0.19687767692744715,0.038538078105432,1.5784316140810004,3.0432637804077096,1.4648321663267094,0.005912837740732011
0.19590556540456475,0.03914057247872301,1.5730190879288681,3.0427104827731997,1.4696913948443313,0.005913940741014456
0.19494517436612774,0.03974219670260863,1.567617475300562,3.0421535875409167,1.4745361122403546,0.005915045716944315
0.19399634137663993,0.04034288074422455,1.5622269863169107,3.0415932968967256,1.4793663105798152,0.005916152513294397
0.19305890635855844,0.0409425582794302,1.5568478216965016,3.0410298047754734,1.4841819830789718,0.005917260981221419
0.19213271156293568,0.04154116655385105,1.5514801730772927,3.040463297148026,1.4889831240707334,0.005918370978043356
0.19121760154006462,0.04213864624627246,1.5461242233325803,3.039893952303665,1.4937697289710847,0.00591948236702045
0.19031342311014882,0.04273494133465325,1.5407801468807905,3.0393219411272887,1.4985417942464982,0.0059205950171403055
0.189420025334018,0.043329998964986016,1.5354481099886463,3.0387474273709643,1.5032993173823181,0.005921708802907431
0.18853725948390893,0.043923769323193376,1.5301282710673398,3.038170567919438,1.5080422968520983,0.005922823604137497
0.18766497901433016,0.04451620551021474,1.5248207809614098,3.037591513049287,1.5127707320878772,0.005923939305756571
0.18680303953302885,0.04510726342040716,1.5195257832300906,3.0370104066814614,1.5174846234513708,0.00592505579760551
0.18595129877207653,0.0456969016233553,1.5142434144209518,3.036427386627015,1.5221839722060633,0.005926172974249662
0.18510961655908978,0.0462850812491602,1.508973804335705,3.035842584825878,1.5268687804901733,0.0059272907347939835
0.18427785478860098,0.04687176587725355,1.5037170762880978,3.0352561275785748,1.531539051290477,0.005928408982703646
0.18345587739359356,0.047456921428763926,1.4984733473538565,3.0346681357708203,1.5361947884169636,0.005929527625630183
0.1826435503172147,0.04804051606244304,1.4932427286126795,3.0340787250909824,1.540835996478303,0.0059306465752431686
0.18184074148467824,0.04862252007414432,1.4880253253823104,3.033488006240412,1.5454626808581013,0.005931765747067453
0.18104732077536947,0.04920290579983181,1.482821237444753,3.0328960851366764,1.5500748476919237,0.005932885060325886
0.18026315999516224,0.04978164752208525,1.4776305592647136,3.032303063109774,1.5546725038450602,0.0059340044377874995
0.1794881328489587,0.05035872138005627,1.4724533802003779,3.031709037091391,1.5592556568910132,0.005935123805621075
0.17872211491346093,0.05093410528282184,1.4672897847066453,3.031114099797331,1.5638243150906859,0.005936243093254015
0.1779649836101825,0.05150777882607287,1.4621398525309677,3.030518339903213,1.568378487372245,0.005937362233236424
0.1772166181787084,0.05207972321206956,1.4570036589019404,3.029921842213583,1.5729181833116426,0.005938481161110293
0.17647689965020963,0.052649921172789604,1.4518812747108154,3.0293246878245843,1.577443413113769,0.005939599815283677
0.1757457108212196,0.053218356896190686,1.4467727666861088,3.02872695428033,1.5819541875942211,0.005940718136909743
0.17502293622767753,0.053785015955505396,1.4416781975614845,3.028128715723148,1.5864505181616635,0.0059418360697705746
0.17430846211924453,0.05434988524148383,1.4365976262370999,3.02753004303786,1.5909324168007604,0.005942953560165577
0.17360217643389642,0.05491295289749707,1.4315311079346038,3.026931003990266,1.5953998960556626,0.005944070556804385
0.17290396877279787,0.055474208257413525,1.4264786943459804,3.0263316633600077,1.5998529690140273,0.005945187010704109
0.1722137303754611,0.056033641786159015,1.4214404337764321,3.025732083067985,1.604291649291553,0.005946302875090801
0.1715313540951922,0.05659124502287155,1.416416371281496,3.025132322298508,1.6087159510170124,0.0059474181053049925
0.17085673437482796,0.057147010526561515,1.4114065487985874,3.02453243761635,1.6131258888177626,0.005948532658711176
0.17018976722276472,0.05770093182418872,1.4064110052731664,3.023932483078887,1.6175214778057205,0.005949646494611088
0.16953035018928184,0.05825300336106854,1.4014297767797108,3.023332510343492,1.6219027335637808,0.005950759574160662
0.16887838234316038,0.05880322045352047,1.3964628966376913,3.022732568770357,1.6262696721326657,0.005951871860290516
0.16823376424859832,0.05935157924367384,1.3915103955227281,3.0221327055209164,1.630622309998188,0.005952983317629848
0.16759639794242295,0.05989807665634703,1.3865723015731137,3.0215329656520264,1.6349606640789127,0.0059540939124336015
0.16696618691160073,0.060442710357918136,1.3816486404918762,3.0209333922060795,1.6392847517142033,0.005955203612512785
0.16634303607104445,0.06098547871710721,1.3767394356445593,3.0203340262971983,1.643594590652639,0.005956312387167819
0.16572685174171772,0.061526380767591815,1.3718447081528866,3.019734907193674,1.6478901990407875,0.005957420207124779
0.16511754162903605,0.06206541617238013,1.366964476984475,3.019136072396798,1.6521715954123228,0.005958527044474444
0.16451501480156366,0.06260258518986772,1.3620987590387565,3.01853755771623,1.6564387986774731,0.005959632872614005
0.16391918167000533,0.06313788864150646,1.3572475692292625,3.017939397342051,1.6606918281127885,0.005960737666191343
0.16332995396649175,0.06367132788101622,1.3524109205624235,3.017341623913639,1.6649307033512153,0.00596184140105177
0.16274724472415708,0.06420290476507234,1.3475888242130276,3.0167442685854944,1.6691554443724668,0.005962944054187112
0.16217096825700714,0.0647326216254041,1.3427812895964768,3.0161473610901557,1.6733660714936789,0.005964045603687058
0.16160104014007637,0.06526048124224154,1.3379883244379798,3.0155509297983203,1.6775626053603407,0.005965146028692658
0.1610373771898718,0.06578648681905065,1.333209934838809,3.0149550017762987,1.68174506693749,0.005966245309351886
0.16047989744510174,0.06631064195849853,1.3284461253397502,3.014359602840913,1.685913477501163,0.0059673434267771795
0.1599285201476872,0.06683295063959292,1.3236968989818647,3.0137647576119555,1.690067858630091,0.005968440363004861
0.15938316572405348,0.06735341719594236,1.31896225736468,3.013170489562313,1.694208232197633,0.005969536100956368
0.15884375576669996,0.06787204629508532,1.3142422007019232,3.0125768210658603,1.6983346203639371,0.005970630624401206
0.15831021301604492,0.06838884291883895,1.309536727874903,3.0119837734432253,1.7024470455683223,0.005971723917921544
0.1577824613425433,0.06890381234461973,1.304845836483645,3.0113913670055164,1.7065455305218713,0.005972815966878389
0.15726042572907467,0.06941696012769066,1.3001695228958776,3.0107996210961074,1.7106300982002296,0.005973906757379258
0.1567440322535981,0.06992829208429137,1.295507782293967,3.0102085541305676,1.714700771836601,0.005974996276247284
0.15623320807207194,0.0704378142756093,1.2908606087198884,3.009618183634821,1.7187575749149326,0.0059760845109917025
0.15572788140163507,0.07094553299255202,1.2862279951183246,3.0090285262816105,1.722800531163286,0.005977171449779622
0.15522798150404662,0.07145145474128249,1.2816099333779722,3.008439597925354,1.726829664547382,0.005978257081409068
0.15473343866938166,0.07195558622948064,1.2770064143711386,3.007851413635459,1.7308449992643202,0.005979341395283194
0.15424418419997935,0.07245793435329641,1.272417427991704,3.007263987728165,1.7348465597364608,0.0059804243813856486
0.15376015039464092,0.0729585061849608,1.2678429631915227,3.00667733379699,1.738834370605467,0.005981506030257007
0.15328127053307403,0.07345730896102323,1.2632830080153343,3.006091464741835,1.7428084567265005,0.005982586332972251
0.15280747886058074,0.07395435007118455,1.2587375496342503,3.0055063927968177,1.7467688431625672,0.005983665281119228
0.15233871057298576,0.07444963704769687,1.2542065743778812,3.0049221295568853,1.7507155551790041,0.005984742866778046
0.151874901801802,0.07494317755530255,1.2496900677651646,3.0043386860032717,1.7546486182381074,0.005985819082501381
0.15141598959963024,0.07543497938168575,1.2451880145339533,3.0037560725278456,1.7585680579938923,0.005986893921295616
0.15096191192578975,0.07592505042841163,1.240700398669419,3.0031742989564036,1.7624739002869847,0.005987967376602821
0.1505126076321768,0.07641339870232901,1.236227203431323,3.0025933745709597,1.7663661711396366,0.0059890394422834935
0.15006801644934795,0.07690003230741374,1.2317684113802085,3.0020133081310716,1.770244896750863,0.0059901101126000455
0.1496280789728248,0.07738495943703108,1.2273240044025584,3.001434107894256,1.7741101034916975,0.005991179382201004
0.14919273664961738,0.07786818836659616,1.2228939637349685,3.000855781635527,1.7779618179005585,0.005992247246105874
0.14876193176496294,0.078349727446613,1.2184782699873782,3.0002783366661063,1.7818000666787281,0.005993313699690662
0.14833560742927684,0.07882958509607316,1.2140769031654015,2.9997017798513377,1.7856248766859362,0.005994378738673996
0.14791370756531297,0.07930776979619619,1.2096898426917975,2.999126117627844,1.7894362749360464,0.0059954423591038405
0.14749617689553002,0.07978429008449492,1.20531706742712,2.998551356019964,1.793234288592844,0.005996504557344772
0.14708296092966108,0.08025915454914923,1.2009585556895823,2.997977500655501,1.7970189449659189,0.005997565330065777
0.1466740059524833,0.08073237182367313,1.19661428527417,2.9974045567808116,1.8007902715066417,0.005998624674228571
0.1462692590117847,0.08120395058186028,1.1922842334710382,2.996832529275271,1.8045482958042331,0.005999682587076389
0.14586866790652497,0.0816738995329942,1.1879683770832232,2.9962614226651416,1.8082930455819186,0.006000739066123251
0.14547218117518773,0.0821422274173098,1.1836666924436965,2.995691241136866,1.8120245486931692,0.006001794109143656
0.14507974808432084,0.0826089430016937,1.1793791554317943,2.995121988549821,1.8157428331180265,0.006002847714162711
0.14469131861726217,0.08307405507561139,1.175105741489046,2.994553668448552,1.8194479269595059,0.006003899879446647
0.14430684346304798,0.08353757244724969,1.1708464256344306,2.99398628407451,1.8231398584400793,0.00600495060349373
0.14392627400550084,0.083999503939864,1.166601182479083,2.9934198383773163,1.8268186558982333,0.006005999885025534
0.14354956231249463,0.08445985838831971,1.162369986240476,2.9928543340255755,1.8304843477850998,0.006007047722978563
0.1431766611253934,0.0849186446358183,1.1581528107561008,2.9922897734172604,1.8341369626611599,0.006008094116496203
0.14280752384866185,0.08537587153079865,1.1539496294966654,2.9917261586896804,1.837776529193015,0.006009139064920999
0.14244210453964434,0.08583154792400481,1.1497604155788335,2.9911634917290613,1.841403076150228,0.0060101825677872376
0.1420803578985099,0.08628568266571197,1.145585141777522,2.990601774179749,1.845016632402227,0.006011224624813808
0.14172223925836053,0.08673828460310244,1.1414237805377767,2.990041007453052,1.8486172269152754,0.006012265235897356
0.14136770457550035,0.08718936257778423,1.1372763039862437,2.989481192735746,1.8522048887495026,0.006013304401105688
0.1410167104198628,0.08763892542344509,1.1331426839422527,2.988922330998248,1.855779647055995,0.006014342120671446
0.14066921396559343,0.0880869819636351,1.1290228919285301,2.988364423002477,1.8593415310739467,0.006015378394986005
0.14032517298178576,0.08853354100967131,1.1249168991815544,2.98780746930942,1.8628905701278655,0.006016413224593619
0.1399845458233679,0.08897861135865846,1.1208246766615717,2.9872514702864086,1.866426793624837,0.006017446610185778
0.13964729142213703,0.08942220179161965,1.1167461950622835,2.9866964261141242,1.8699502310518408,0.00601847855259578
0.13931336927793994,0.08986432107173171,1.1126814248202197,2.9861423367933395,1.8734609119731198,0.006019509052793507
0.1389827394499967,0.09030497794265985,1.108630336123812,2.985589202151414,1.8769588660276022,0.006020538111880391
0.1386553625483655,0.09074418112698651,1.1045928989221754,2.985037021848547,1.880444122926372,0.006021565731084569
0.13833119972554608,0.09118193932472997,1.1005690829336152,2.9844857953838044,1.883916712450189,0.006022591911756214
0.13801021266821964,0.09161826121194773,1.0965588576538654,2.9839355221009223,1.8873766644470567,0.006023616655363033
0.13769236358912298,0.09205315543942093,1.0925621923640714,2.983386201193907,1.890824008829836,0.006024639963485932
0.13737761521905448,0.09248663063141525,1.0885790561385262,2.9828378317124313,1.894258775573905,0.006025661837814834
0.13706593079901,0.09291869538451482,1.0846094178521724,2.982290412567034,1.8976809947148618,0.006026682280144647
0.13675727407244637,0.09334935826652516,1.0806532461878735,2.9817439425341448,1.9010906963462713,0.006027701292371375
0.13645160927767033,0.09377862781544194,1.0767105096434693,2.981198420260923,1.9044879106174537,0.006028718876488365
0.13614890114035108,0.09420651253848206,1.07278117653862,2.980653844269935,1.907872667731315,0.006029735034582685
0.13584911486615403,0.09463302091117401,1.068865215021448,2.9801102129636634,1.9112449979422155,0.00603074976883163
0.1355522161334941,0.09505816137650454,1.0649625930749853,2.979567524628865,1.91460493155388,0.0060317630814993445
0.1352581710864063,0.09548194234411873,1.0610732785234336,2.9790257774407785,1.9179524989173447,0.006032774974933568
0.1349669463275317,0.0959043721895709,1.057197239038243,2.9784849694671847,1.9212877304289415,0.006033785451562483
0.13467850891121708,0.0963254592536237,1.0533344421440176,2.977945098672337,1.9246106565283196,0.0060347945138916744
0.13439282633672595,0.09674521184159295,1.0494848552242544,2.977406162920757,1.9279213076965027,0.006035802164501189
0.1341098665415595,0.09716363822273616,1.0456484455269186,2.9768681599808984,1.93121971445398,0.0060368084060427
0.13382959789488547,0.09758074662968219,1.041825180169865,2.976331087528698,1.9345059073588333,0.0060378132412367514
0.13355198919107283,0.09799654525790025,1.0380150261461085,2.9757949431510045,1.937779917004896,0.006038816672870112
0.13327700964333122,0.09841104226520618,1.0342179503289495,2.975259724348894,1.9410417740199446,0.0060398187037932
0.1330046288774526,0.09882424577130416,1.0304339194769603,2.974725428540884,1.944291509063924,0.006040819336917598
0.13273481692565392,0.09923616385736206,1.0266629002388357,2.9741920530660373,1.9475291528272014,0.006041818575213654
0.13246754422051898,0.09964680456561868,1.0229048591581138,2.9736595951869678,1.9507547360288542,0.006042816421708146
0.13220278158903767,0.10005617589902155,1.0191597626777704,2.9731280520927545,1.9539682894149841,0.006043812879482039
0.13194050024674117,0.10046428582089333,1.0154275771446923,2.972597420901756,1.9571698437570637,0.0060448079516682955
0.13168067179193138,0.10087114225462578,1.0117082688140326,2.9720676986643424,1.96035942985031,0.00604580164144977
0.13142326820000302,0.1012767530833997,1.0080018038534522,2.9715388823655386,1.9635370785120867,0.00604679395205716
0.13116826181785682,0.10168112614992965,1.004308148347252,2.971010968927586,1.966702820580334,0.006047784886767025
0.1309156253584023,0.10208426925623205,1.0006272683003978,2.9704839552124236,1.9698566869120258,0.006048774448899871
0.13066533189514862,0.10248619016341576,0.996959129642443,2.9699578380240954,1.9729987083816525,0.006049762641818285
0.1304173548568821,0.10288689659149373,0.9933036982313512,2.9694326141110823,1.9761289158797308,0.006050749468925137
0.13017166802242883,0.10328639621921491,0.9896609398572224,2.9689082801685602,1.979247340311338,0.006051734933661826
0.1299282455155009,0.10368469668391515,0.9860308202459253,2.968384832840597,1.9823540125946715,0.006052719039506594
0.12968706179962508,0.10408180558138647,0.98241330506264,2.9678622687222735,1.9854489636596335,0.006053701789972877
0.12944809167315235,0.10447773046576343,0.9788083599153121,2.967340584361751,1.988532224446439,0.006054683188607715
0.12921131026434698,0.10487247884942608,0.9752159503580216,2.966819776262268,1.9916038259042466,0.006055663238990205
0.12897669302655385,0.10526605820291828,0.9716360418942692,2.9662998408840835,1.9946637989898142,0.006056641944730005
0.12874421573344272,0.10565847595488106,0.9680685999801837,2.965780774646359,1.9977121746661757,0.006057619309465874
0.12851385447432803,0.10604973949199994,0.9645135900276498,2.9652625739289906,2.0007489839013406,0.006058595336864269
0.12828558564956316,0.10643985615896558,0.9609709774073616,2.9647452350743775,2.0037742576670157,0.0060595700306179685
0.12805938596600763,0.10682883325844715,0.957440727451803,2.96422875438915,2.0067880269373473,0.0060605433944447475
0.12783523243256634,0.10721667805107787,0.9539228054581559,2.963713128145841,2.0097903226876848,0.006061515432086087
0.1276131023557994,0.1076033977554518,0.9504171766911403,2.9631983525845063,2.012781175893366,0.006062486147305922
0.1273929733356014,0.10798899954813165,0.9469238063857872,2.9626844239143075,2.0157606175285205,0.006063455543889425
0.12717482326094912,0.10837349056366691,0.943442659750145,2.9621713383150396,2.018728678564895,0.006064423625641827
0.12695863030571627,0.10875687789462171,0.9399737019679237,2.9616590919386203,2.0216853899706964,0.006065390396387269
0.12674437292455434,0.10913916859161207,0.9365168982010774,2.9611476809105337,2.024630782709456,0.006066355859967692
0.12653202984883843,0.10952036966335198,0.9330722135923254,2.9606371013312356,2.0275648877389103,0.006067320020241756
0.12632158008267685,0.10990048807670783,0.9296396132676161,2.9601273492775184,2.0304877360099023,0.006068282881083788
0.12611300289898356,0.11027953075676084,0.9262190623385339,2.9596184208038334,2.0333993584652994,0.006069244446382765
0.12590627783561228,0.11065750458687709,0.9228105259046498,2.9591103119435807,2.036299786038931,0.006070204720041321
0.12570138469155148,0.11103441640878467,0.9194139690558194,2.9586030187103605,2.0391890496545413,0.006071163705974789
0.12549830352317878,0.11141027302265763,0.916029356874427,2.9580965370991876,2.0420671802247607,0.006072121408110262
0.12529701464057424,0.11178508118720645,0.9126566544375798,2.9575908630876757,2.044934208650096,0.0060730778303856895
0.1250974986038913,0.11215884761977463,0.9092958268192515,2.957085992637183,2.0477901658179314,0.00607403297674899
0.12489973621978451,0.11253157899644102,0.9059468390923768,2.956581921693931,2.0506350826015542,0.006074986851157199
0.12470370853789296,0.11290328195212775,0.9026096563309003,2.9560786461900896,2.0534689898591894,0.0060759394575756335
0.12450939684737872,0.1132739630807133,0.8992842436117768,2.9555761620448298,2.056291918433053,0.006076890799977085
0.12431678267351907,0.11364362893515065,0.8959705660169288,2.9550744651653513,2.0591038991484227,0.006077840882341034
0.12412584777435198,0.1140122860275899,0.8926685886351582,2.9545735514478784,2.06190496281272,0.0060787897086528805
0.1239365741373736,0.11437994082950557,0.8893782765640162,2.9540734167786264,2.06469514021461,0.006079737282903211
0.12374894397628719,0.11474659977182795,0.8860995949116313,2.9535740570347477,2.0674744621231165,0.0060806836090870715
0.12356293972780237,0.11511226924507846,0.8828325087984954,2.953075468085245,2.0702429592867495,0.006081628691203267
0.12337854404848418,0.11547695559950881,0.8795769833592116,2.9525776457918598,2.0730006624326482,0.006082572533253684
0.12319573981165073,0.1158406651452437,0.8763329837442015,2.9520805860099397,2.0757476022657384,0.006083515139242627
0.12301451010431898,0.11620340415242687,0.8731004751213756,2.951584284589279,2.0784838094679032,0.006084456513176178
0.12283483822419766,0.11656517885137035,0.8698794226777654,2.951088737374934,2.0812093146971686,0.006085396659061568
0.12265670767672664,0.1169259954327067,0.8666697916211207,2.950593940208021,2.0839241485869002,0.006086335580906577
0.12248010217216186,0.11728586004754403,0.8634715471814695,2.950099888926485,2.0866283417450155,0.006087273282718941
0.12230500562270528,0.11764477880762385,0.860284654612645,2.949606579365853,2.0893219247532078,0.00608820976850578
0.12213140213967885,0.11800275778548124,0.8571090791937775,2.9491140073599613,2.0920049281661837,0.0060891450422730425
0.12195927603074197,0.11835980301460751,0.8539447862307538,2.948622168741666,2.094677382510912,0.006090079108024968
0.12178861179715166,0.1187159204896151,0.8507917410576434,2.948131059343532,2.0973393182858886,0.006091011969763561
0.1216193941310647,0.11907111616640448,0.8476499090380941,2.9476406749985014,2.099990765960407,0.0060919436314880795
0.12145160791288113,0.11942539596233308,0.8445192555666957,2.947151011540544,2.102631755973848,0.006092874097194547
0.12128523820862828,0.11977876575638612,0.8413997460703135,2.9466620648052912,2.1052623187349777,0.006093803370875268
0.1211202702673849,0.12013123138934903,0.8382913460093925,2.9461738306306486,2.107882484621256,0.006094731456518361
0.12095668951874443,0.12048279866398165,0.8351940208792321,2.945686304857392,2.11049228397816,0.006095658358107311
0.12079448157031715,0.12083347334519381,0.8321077362112327,2.9451994833297483,2.1130917471185158,0.006096584079620526
0.12063363220527012,0.12118326116022242,0.8290324575741143,2.944713361895958,2.1156809043218434,0.006097508625030915
0.12047412737990473,0.12153216779880976,0.8259681505751075,2.9442279364088195,2.118259785833712,0.006098431998305472
0.12031595322127087,0.12188019891338318,0.822914780861119,2.943743202726224,2.1208284218651046,0.006099354203404875
0.12015909602481742,0.1222273601192357,0.8198723141198694,2.9432591567116657,2.1233868425917963,0.0061002752442830994
0.1200035422520783,0.12257365699470783,0.8168407160810064,2.942775794234747,2.1259350781537405,0.006101195124887038
0.11984927852839347,0.12291909508137032,0.8138199525171932,2.94229311117166,2.128473158654467,0.0061021138491561345
0.11969629164066456,0.12326367988420775,0.8108099892451712,2.9418111034056604,2.1310011141604894,0.006103031421022034
0.11954456853514411,0.12360741687180299,0.8078107921268001,2.941329766827523,2.133518974700723,0.006103947844408234
0.11939409631525844,0.12395031147652238,0.8048223270700731,2.940849097335985,2.136026770265912,0.006104863123229752
0.11924486223946307,0.12429236909470162,0.8018445600301098,2.9403690908381788,2.138524530808069,0.006105777261392806
0.11909685371913058,0.12463359508683218,0.7988774570101269,2.9398897432500464,2.1410122862399192,0.006106690262794495
0.11895005831647008,0.12497399477774841,0.7959209840623852,2.939411050496745,2.1434900664343597,0.006107602131322503
0.11880446374247801,0.12531357345681504,0.7929751072891167,2.9389330085130405,2.1459579012239236,0.006108512870854803
0.11866005785491951,0.1256523363781151,0.7900397928434291,2.9384556132436854,2.148415820400256,0.006109422485259371
0.1185168286563402,0.12599028876063828,0.7871150069301902,2.9379788606437893,2.150863853713599,0.0061103309783939125
0.11837476429210748,0.12632743578846964,0.7842007158068913,2.9375027466791748,2.1533020308722834,0.006111238354105599
0.1182338530484813,0.12666378261097846,0.7812968857844911,2.937027267326723,2.155730381542232,0.006112144616230807
0.11809408335071352,0.1269993343430075,0.7784034832282392,2.9365524185747094,2.1581489353464702,0.006113049768594871
0.11795544376117567,0.12733409606506232,0.7755204745584812,2.936078196423126,2.160557721864645,0.006113953815011842
0.11781792297751459,0.12766807282350084,0.7726478262514442,2.935604596883997,2.1629567706325528,0.006114856759284258
0.11768150983083539,0.1280012696307228,0.7697855048400042,2.935131615981681,2.1653461111416767,0.006115758605202916
0.1175461932839115,0.1283336914653596,0.7669334769144347,2.9346592497531647,2.16772577283873,0.0061166593565466585
0.11741196242942116,0.12866534327246387,0.7640917091231384,2.934187494248347,2.1700957851252083,0.006117559017082161
0.11727880648821003,0.1289962299636991,0.7612601681733606,2.933716345530312,2.1724561773569513,0.006118457590563733
0.11714671480757956,0.12932635641752938,0.7584388208318859,2.9332457996755967,2.1748069788437108,0.006119355080733122
0.11701567685960054,0.1296557274794088,0.7556276339257175,2.9327758527744443,2.1771482188487266,0.006120251491319327
0.11688568223945164,0.12998434796197092,0.752826574342741,2.9323065009310514,2.1794799265883102,0.006121146826038416
0.11675672066378233,0.130312222645218,0.7500356090323709,2.9318377402638083,2.1818021312314375,0.006122041088593351
0.11662878196909988,0.13063935627671008,0.7472547050061815,2.931369566905528,2.1841148618993462,0.006122934282673827
0.11650185611018023,0.13096575357175388,0.7444838293385231,2.9309019770036664,2.1864181476651434,0.006123826411956102
0.11637593315850193,0.13129141921359136,0.7417229491671213,2.93043496672054,2.188712017553419,0.006124717480102848
0.11625100330070327,0.13161635785358808,0.7389720316936629,2.929968532233528,2.1909965005398653,0.0061256074907630005
0.11612705683706184,0.13194057411142138,0.7362310441843656,2.9295026697352724,2.193271625550907,0.006126496447571615
0.1160040841799964,0.132264072575268,0.7334999539705345,2.929037375433867,2.195537421463333,0.00612738435414973
0.1158820758525906,0.1325868578019917,0.7307787284491035,2.9285726455530448,2.197793917103941,0.006128271214104236
0.11576102248713825,0.13290893431733006,0.7280673350831632,2.928108476332348,2.200041141249185,0.006129157031027751
0.11564091482370979,0.13323030661608137,0.725365741402475,2.9276448640273043,2.2022791226248293,0.006130041808498497
0.11552174370873954,0.1335509791622909,0.7226739150039717,2.9271818049095835,2.204507889905612,0.006130925550080184
0.11540350009363357,0.13387095638943664,0.7199918235522451,2.926719295267157,2.206727471714912,0.006131808259321907
0.11528617503339773,0.13419024270061486,0.7173194347800206,2.9262573314044453,2.2089378966244246,0.006132689939758031
0.11516975968528559,0.13450884246872497,0.714656716488619,2.925795909642461,2.211139193153842,0.006133570594908099
0.11505424530746589,0.1348267600366541,0.7120036365484057,2.925335026318946,2.2133313897705404,0.006134450228276731
0.1149396232577093,0.13514399971746102,0.7093601628992285,2.9248746777885035,2.215514514889275,0.006135328843353539
0.11482588499209419,0.1354605657945597,0.7067262635508422,2.9244148604227203,2.217688596871878,0.0061362064436130325
0.11471302206373091,0.13577646252190217,0.7041019065833222,2.923955570610287,2.2198536640269646,0.0061370830325145455
0.1146010261215046,0.13609169412416108,0.7014870601474659,2.923496804757111,2.222009744609645,0.006137958613502154
0.11448988890883606,0.13640626479691145,0.6988816924651836,2.9230385592864248,2.2241568668212413,0.006138833190004605
0.11437960226246026,0.13672017870681205,0.6962857718298778,2.9225808306388887,2.226295058809011,0.0061397067654352456
0.11427015811122257,0.13703343999178608,0.6936992666068111,2.922123615272687,2.228424348665876,0.006140579343191959
0.11416154847489218,0.13734605276120135,0.6911221452334639,2.9216669096636214,2.2305447644301575,0.006141450926657107
0.11405376546299241,0.1376580210960498,0.6885543762198814,2.9212107103051954,2.232656334085314,0.006142321519197464
0.11394680127364784,0.13796934904912636,0.6859959281490102,2.9207550137087006,2.2347590855596904,0.006143191124164174
0.11384064819244787,0.1382800406452073,0.6834467696770249,2.9202998164032903,2.2368530467262655,0.006144059744892695
0.11373529859132642,0.13859009988122786,0.6809068695336441,2.9198451149360545,2.2389382454024105,0.006144927384702753
0.11363074492745766,0.13889953072645927,0.6783761965224374,2.919390905872087,2.2410147093496495,0.006145794046898301
0.11352697974216741,0.13920833712268502,0.6758547195211221,2.918937185794549,2.2430824662734272,0.00614665973476748
0.11342399565985996,0.13951652298437664,0.6733424074818508,2.918483951304731,2.2451415438228803,0.006147524451582582
0.11332178538696015,0.13982409219886868,0.6708392294314897,2.918031199022104,2.2471919695906144,0.006148388200600016
0.11322034171087043,0.140131048626533,0.6683451544718872,2.9175789255843734,2.249233771112486,0.0061492509850602835
0.11311965749894266,0.1404373961009524,0.6658601517801348,2.9171271276475252,2.25126697586739,0.006150112808187946
0.11301972569746443,0.1407431384290936,0.6633841906088176,2.9166758018858685,2.253291611277051,0.006150973673191607
0.1129205393306597,0.14104827939147946,0.6609172402862574,2.9162249449920776,2.25530770470582,0.0061518335832638875
0.11282209149970346,0.1413528227423604,0.6584592702167467,2.915774553677222,2.2573152834604757,0.0061526925415814095
0.11272437538175038,0.1416567722098854,0.6560102498807745,2.9153246246708053,2.259314374790031,0.006153550551304784
0.11262738422897697,0.14196013149627182,0.6535701488352441,2.9148751547207867,2.2613050058855424,0.006154407615578593
0.11253111136763728,0.14226290427797492,0.6511389367136826,2.9144261405936103,2.2632872038799277,0.006155263737531388
0.11243555019713178,0.1425650942058564,0.6487165832264427,2.9139775790742264,2.265260995847784,0.0061561189202756755
0.11234069418908926,0.14286670490535225,0.6463030581608963,2.913529466966107,2.267226408805211,0.0061569731669079185
0.1122465368864617,0.14316773997663987,0.6438983313816213,2.913081801091264,2.2691834697096427,0.006157826480508531
0.11215307190263157,0.14346820299480445,0.6415023728305804,2.912634578290258,2.2711322054596774,0.00615867886414188
0.11206029292053174,0.1437680975100045,0.6391151525272923,2.9121877954222084,2.273072642894916,0.0061595303208562885
0.11196819369177756,0.14406742704763673,0.6367366405689965,2.9117414493648006,2.275004808795804,0.006160380853684039
0.11187676803581106,0.14436619510850018,0.63436680713081,2.9112955370142863,2.2769287298834766,0.006161230465641384
0.11178600983905701,0.14466440516895945,0.632005622465878,2.9108500552854863,2.2788444328196085,0.006162079159728552
0.11169591305409068,0.1449620606811072,0.6296530569055174,2.910405001111785,2.2807519442062674,0.006162926938929763
0.11160647169881717,0.14525916507292602,0.6273090808593534,2.9099603714451256,2.2826512905857723,0.006163773806213237
0.111517679855662,0.14555572174844927,0.6249736648154498,2.909516163256006,2.284542498440556,0.006164619764531215
0.11142953167077302,0.14585173408792135,0.6226467793404326,2.9090723735334616,2.286425594193029,0.006165464816819973
0.11134202135323322,0.14614720544795712,0.6203283950796072,2.9086289992850576,2.2883006042054506,0.0061663089659998414
0.11125514317428443,0.14644213916170043,0.6180184827570704,2.908186037536872,2.2901675547798015,0.00616715221497523
0.11116889146656173,0.14673653853898205,0.6157170131758144,2.907743485333476,2.2920264721576618,0.006167994566634647
0.11108326062333829,0.14703040686647662,0.6134239572178265,2.9073013397379173,2.293877382520091,0.006168836023850724
0.11099824509778072,0.1473237474078589,0.611139285844182,2.9068595978316942,2.2957203119875125,0.006169676589480246
0.1109138394022145,0.14761656340395926,0.6088629700951316,2.9064182567147343,2.2975552866196027,0.0061705162663641755
0.11083003810739951,0.14790885807291834,0.6065949810901832,2.9059773135053653,2.299382332415182,0.006171355057327685
0.11074683584181551,0.14820063461034075,0.6043352900281777,2.905536765340288,2.3012014753121104,0.006172192965180187
0.1106642272909573,0.1484918961894483,0.6020838681873597,2.905096609374546,2.303012741187186,0.006173029992715365
0.11058220719663955,0.14878264596123209,0.599840686925443,2.9046568427814905,2.3048161558560474,0.006173866142711211
0.11050077035631108,0.14907288705460406,0.5976057176796702,2.904217462752749,2.306611745073079,0.006174701417930061
0.11041991162237841,0.14936262257654753,0.5953789319668676,2.9037784664981876,2.30839953453132,0.006175535821118627
0.11033962590153865,0.1496518556122671,0.5931603013834951,2.9033398512458732,2.310179549862378,0.006176369355008043
0.11025990815412126,0.14994058922533762,0.5909497976056902,2.9029016142420323,2.311951816636342,0.006177202022313899
0.11018075339343887,0.1502288264578525,0.5887473923893087,2.902463752751012,2.3137163603617035,0.006178033825736281
0.11010215668514677,0.15051657033057092,0.5865530575699588,2.9020262640552357,2.3154732064852768,0.006178864767959819
0.11002411314661112,0.1508038238430647,0.5843667650630318,2.901589145455157,2.317222380392125,0.006179694851653726
0.10994661794628571,0.1510905899738639,0.5821884868637276,2.9011523942692152,2.3189639074054877,0.006180524079471842
0.10986966630309707,0.15137687168060188,0.5800181950470757,2.900716007833789,2.320697812786713,0.006181352454052682
0.10979325348583782,0.15166267190015947,0.577855861767952,2.900279983503143,2.322424121735191,0.00618217997801948
0.10971737481256832,0.1519479935488084,0.5757014592610903,2.8998443186493823,2.324142859388292,0.006183006653980239
0.10964202565002616,0.15223283952235378,0.5735549598410908,2.899409010662395,2.325854050821304,0.00618383248452778
0.10956720141304371,0.15251721269627594,0.5714163359024238,2.898974056949805,2.327557721047381,0.006184657472239787
0.10949289756397344,0.15280111592587134,0.5692855599194286,2.8985394549369117,2.3292538950174833,0.0061854816196788625
0.10941910961212087,0.1530845520463928,0.5671626044463096,2.8981052020666396,2.33094259762033,0.006186304929392579
0.10934583311318512,0.15336752387318875,0.5650474421171271,2.897671295799477,2.3326238536823496,0.006187127403913526
0.10927306366870698,0.1536500342018419,0.5629400456457851,2.897237733613419,2.334297687967634,0.006187949045759369
0.10920079692552423,0.1539320858083069,0.5608403878260154,2.8968045130039113,2.3359641251778958,0.0061887698574329035
0.1091290285752343,0.15421368144904732,0.5587484415313566,2.8963716314837855,2.3376231899524287,0.0061895898414221035
0.10905775435366395,0.1544948238611718,0.5566641797151309,2.8959390865832004,2.3392749068680696,0.0061904090002001845
0.10898697004034616,0.15477551576256943,0.5545875754104166,2.8955068758495806,2.3409193004391637,0.0061912273362256555
0.10891667145800375,0.15505575985204426,0.5525186017300169,2.8950749968475487,2.3425563951175317,0.006192044851942377
0.10884685447204,0.15533555880944905,0.5504572318664254,2.894643447158866,2.3441862152924404,0.0061928615497796186
0.10877751499003589,0.1556149152958183,0.5484034390917882,2.8942122243823643,2.345808785290576,0.0061936774321521195
0.10870864896125405,0.15589383195350037,0.5463571967578629,2.8937813261338814,2.3474241293760185,0.006194492501460144
0.10864025237614919,0.15617231140628887,0.5443184782959732,2.8933507500461935,2.3490322717502203,0.006195306760089542
0.10857232126588498,0.15645035625955325,0.5422872572169621,2.8929204937689477,2.3506332365519853,0.006196120210411813
0.10850485170185738,0.15672796910036865,0.54026350711114,2.892490554968592,2.352227047857452,0.006196932854784162
0.10843783979522403,0.15700515249764485,0.5382472016482309,2.8920609313283094,2.3538137296800783,0.006197744695549563
0.10837128169644004,0.15728190900225456,0.5362383145773153,2.891631620547945,2.3553933059706296,0.00619855573503682
0.10830517359479966,0.1575582411471608,0.5342368197267697,2.891202620343936,2.3569658006171665,0.0061993659755606315
0.10823951171798406,0.15783415144754367,0.532242691004204,2.890773928449242,2.358531237445038,0.00620017541942165
0.10817429233161498,0.15810964240092618,0.5302559023963946,2.890345542613269,2.3600896402168745,0.006200984068906547
0.10810951173881421,0.15838471648729938,0.5282764279692167,2.8899174606018025,2.3616410326325856,0.006201791926288077
0.10804516627976879,0.15865937616924672,0.5263042418675716,2.8894896801969283,2.363185438329357,0.006202598993825143
0.10798125233130189,0.15893362389206764,0.5243393183153131,2.889062199196965,2.364722880881652,0.006203405273762856
0.10791776630644923,0.15920746208390027,0.5223816316151701,2.8886350154163836,2.3662533838012134,0.006204210768332603
0.10785470465404101,0.15948089315584363,0.5204311561486675,2.8882081266857367,2.367776970537069,0.006205015479752116
0.10779206385828934,0.15975391950207876,0.5184878663760433,2.8877815308515817,2.3692936644755385,0.006205819410225529
0.1077298404383808,0.16002654349998932,0.5165517368361645,2.887355225776407,2.370803488940242,0.006206622561943453
0.10766803094807452,0.1602987675102813,0.5146227421464399,2.886929209338551,2.372306467192111,0.006207424937083033
0.10760663197530526,0.160570593877102,0.5127008570027303,2.886503479432131,2.373802622429401,0.006208226537808023
0.10754564014179166,0.16084202492815833,0.5107860561792569,2.886078033966964,2.375291977787707,0.006209027366268847
0.10748505210264958,0.16111306297483421,0.508878314528507,2.885652870868488,2.376774556339981,0.0062098274246026675
0.10742486454601036,0.16138371031230742,0.5069776069811374,2.885227988077686,2.3782503810965485,0.006210626714933455
0.10736507419264395,0.16165396921966543,0.5050839085458759,2.8848033835510067,2.379719475005131,0.006211425239372051
0.10730567779558699,0.1619238419600208,0.5031971943094204,2.884379055260288,2.3811818609508677,0.00621222300001624
0.1072466721397755,0.16219333078062562,0.5013174394363357,2.883955001192676,2.3826375617563404,0.006213019998950813
0.1071880540416824,0.16246243791298526,0.49944461916894856,2.883531219350547,2.3840866001815986,0.006213816238247639
0.10712982034895957,0.16273116557297143,0.4975787088272407,2.8831077077514284,2.3855289989241877,0.006214611719965731
0.10707196794008453,0.16299951596093445,0.4957196838087395,2.8826844644279195,2.38696478061918,0.006215406446151317
0.10701449372401156,0.16326749126181483,0.49386751958840686,2.88226148742761,2.388393967839203,0.006216200418837904
0.10695739463982736,0.16353509364525412,0.4920221917185264,2.8818387748130037,2.3898165830944773,0.006216993640046351
0.10690066765641092,0.163802325265705,0.4901836758285884,2.881416324661434,2.3912326488328457,0.006217786111784933
0.10684430977209791,0.16406918826254072,0.4883519476251731,2.880994135064987,2.392642187439814,0.006218577836049416
0.10678831801434917,0.1643356847601637,0.48652698289183227,2.8805722041304187,2.3940452212385863,0.006219368814823118
0.10673268943942342,0.1646018168681135,0.4847087574889688,2.8801505299790766,2.395441772490108,0.006220159050076985
0.10667742113205418,0.16486758668117418,0.4828972473537148,2.8797291107468173,2.3968318633931025,0.0062209485437696565
0.10662251020513068,0.16513299627948066,0.4810924284998078,2.8793079445839265,2.3982155160841185,0.006221737297847532
0.10656795379938283,0.1653980477286247,0.47929427701746546,2.8788870296550373,2.399592752637572,0.006222525314244846
0.10651374908307017,0.16566274307975995,0.4775027690732586,2.878466364139051,2.400963595065792,0.006223312594883732
0.10645989325167471,0.16592708436970635,0.4757178809099827,2.8780459462290526,2.40232806531907,0.006224099141674294
0.10640638352759761,0.16619107362105398,0.47393958884652765,2.8776257741322344,2.4036861852857068,0.006224884956514675
0.10635321715985972,0.16645471284226596,0.4721678692777464,2.8772058460698102,2.4050379767920638,0.006225670041291124
0.10630039142380582,0.16671800402778086,0.47040269867432166,2.8767861602769367,2.406383461602615,0.00622645439787807
0.10624790362081253,0.16698094915811437,0.4686440535826315,2.876366715002632,2.4077226614200007,0.006227238028138186
0.10619575107799999,0.16724355019996023,0.4668919106246135,2.875947508509694,2.4090555978850805,0.006228020933922458
0.10614393114794698,0.16750580910629057,0.4651462464976272,2.8755285390746184,2.4103822925769913,0.00622880311707026
0.10609244120840974,0.16776772781645544,0.46340703797431565,2.87510980498752,2.411702767013204,0.006229584579409415
0.10604127866204414,0.16802930825628185,0.4616742619024654,2.8746913045520475,2.413017042649582,0.006230365322756268
0.10599044093613144,0.16829055233817197,0.45994789520486523,2.874273036085307,2.414325140880442,0.006231145348915754
0.10593992548230734,0.16855146196120077,0.45822791487916353,2.8738549979177774,2.415627083038614,0.006231924659681468
0.10588972977629446,0.16881203901121292,0.4565142979977247,2.8734371883932304,2.416922890395506,0.00623270325683573
0.10583985131763811,0.16907228536091903,0.45480702170748416,2.8730196058686506,2.4182125841611666,0.006233481142149656
0.10579028762944533,0.16933220286999134,0.4531060632298023,2.8726022487141534,2.419496185484351,0.006234258317383227
0.10574103625812711,0.16959179338515867,0.45141139986031703,2.872185115312904,2.420773715452587,0.006235034784285355
0.10569209477314387,0.16985105874030068,0.4497230089687957,2.8717682040610377,2.422045195092242,0.006235810544593953
0.10564346076675399,0.1701100007565415,0.44804086799898535,2.8713515133675798,2.4233106453685944,0.006236585600036002
0.10559513185376548,0.17036862124234287,0.44636495446846247,2.8709350416543624,2.4245700871859,0.006237359952327619
0.10554710567129072,0.17062692199359636,0.44469524596848126,2.870518787355948,2.4258235413874667,0.006238133603174124
0.10549937987850411,0.1708849047937152,0.44303172016382114,2.870102748919545,2.4270710287557242,0.0062389065542701105
0.1054519521564028,0.17114257141372538,0.44137435479263326,2.869686924804933,2.4283125700122996,0.006239678807299508
0.1054048202075703,0.17139992361235604,0.4397231276662859,2.869271313484376,2.4295481858180903,0.006240450363935654
